,adjclose,close,date,high,low,open,volume
0,2.859999895095825,2.859999895095825,2019-05-31,2.940000057220459,2.8499999046325684,2.940000057220459,114600
1,2.950000047683716,2.950000047683716,2019-05-30,3.0199999809265137,2.940000057220459,2.990000009536743,147200
2,2.990000009536743,2.990000009536743,2019-05-29,3.0399999618530273,2.9800000190734863,3.009999990463257,107100
3,2.990000009536743,2.990000009536743,2019-05-28,3.1500000953674316,2.990000009536743,3.069999933242798,255600
4,3.109999895095825,3.109999895095825,2019-05-24,3.1600000858306885,3.0,3.059999942779541,78100
5,3.049999952316284,3.049999952316284,2019-05-23,3.0799999237060547,2.9200000762939453,3.0,176100
6,3.0399999618530273,3.0399999618530273,2019-05-22,3.25,3.0199999809265137,3.200000047683716,366900
7,3.200000047683716,3.200000047683716,2019-05-21,3.4100000858306885,3.190000057220459,3.309999942779541,277100
8,3.299999952316284,3.299999952316284,2019-05-20,3.3399999141693115,3.259999990463257,3.259999990463257,123400
9,3.319999933242798,3.319999933242798,2019-05-17,3.369999885559082,3.25,3.3299999237060547,226600
10,3.299999952316284,3.299999952316284,2019-05-16,3.309999942779541,3.0999999046325684,3.0999999046325684,496400
11,3.119999885559082,3.119999885559082,2019-05-15,3.1700000762939453,3.0,3.140000104904175,200400
12,3.1500000953674316,3.1500000953674316,2019-05-14,3.1600000858306885,2.950000047683716,3.0,202500
13,2.990000009536743,2.990000009536743,2019-05-13,3.0399999618530273,2.8499999046325684,2.990000009536743,165800
14,3.059999942779541,3.059999942779541,2019-05-10,3.0799999237060547,2.869999885559082,2.9000000953674316,233200
15,2.930000066757202,2.930000066757202,2019-05-09,3.0,2.8299999237060547,2.9000000953674316,146900
16,2.930000066757202,2.930000066757202,2019-05-08,3.130000114440918,2.9000000953674316,3.0999999046325684,272400
17,3.049999952316284,3.049999952316284,2019-05-07,3.1600000858306885,3.049999952316284,3.069999933242798,107100
18,3.0899999141693115,3.0899999141693115,2019-05-06,3.1700000762939453,3.0399999618530273,3.0899999141693115,153100
19,3.0999999046325684,3.0999999046325684,2019-05-03,3.190000057220459,3.049999952316284,3.119999885559082,163500
20,3.130000114440918,3.130000114440918,2019-05-02,3.190000057220459,3.049999952316284,3.140000104904175,128300
21,3.140000104904175,3.140000104904175,2019-05-01,3.200000047683716,3.109999895095825,3.180000066757202,135200
22,3.140000104904175,3.140000104904175,2019-04-30,3.1700000762939453,3.0,3.140000104904175,307600
23,3.1500000953674316,3.1500000953674316,2019-04-29,3.200000047683716,3.0999999046325684,3.200000047683716,120100
24,3.200000047683716,3.200000047683716,2019-04-26,3.200000047683716,3.0799999237060547,3.0799999237060547,120300
25,3.0799999237060547,3.0799999237060547,2019-04-25,3.130000114440918,3.0399999618530273,3.0999999046325684,85300
26,3.0999999046325684,3.0999999046325684,2019-04-24,3.1600000858306885,3.0299999713897705,3.069999933242798,243800
27,3.069999933242798,3.069999933242798,2019-04-23,3.1600000858306885,2.930000066757202,2.990000009536743,202800
28,3.0,3.0,2019-04-22,3.0799999237060547,2.890000104904175,2.890000104904175,97300
29,2.9200000762939453,2.9200000762939453,2019-04-18,2.990000009536743,2.869999885559082,2.930000066757202,148700
30,2.9700000286102295,2.9700000286102295,2019-04-17,3.059999942779541,2.8399999141693115,3.0399999618530273,173900
31,3.049999952316284,3.049999952316284,2019-04-16,3.119999885559082,3.0299999713897705,3.059999942779541,123700
32,3.130000114440918,3.130000114440918,2019-04-15,3.2100000381469727,3.049999952316284,3.200000047683716,139400
33,3.180000066757202,3.180000066757202,2019-04-12,3.2100000381469727,3.119999885559082,3.200000047683716,97000
34,3.180000066757202,3.180000066757202,2019-04-11,3.2300000190734863,3.1500000953674316,3.180000066757202,85500
35,3.2100000381469727,3.2100000381469727,2019-04-10,3.2899999618530273,3.180000066757202,3.240000009536743,101700
36,3.2699999809265137,3.2699999809265137,2019-04-09,3.3499999046325684,3.2300000190734863,3.299999952316284,116400
37,3.299999952316284,3.299999952316284,2019-04-08,3.3399999141693115,3.130000114440918,3.130000114440918,235500
38,3.180000066757202,3.180000066757202,2019-04-05,3.25,3.1600000858306885,3.1600000858306885,131500
39,3.200000047683716,3.200000047683716,2019-04-04,3.309999942779541,3.119999885559082,3.140000104904175,273300
40,3.140000104904175,3.140000104904175,2019-04-03,3.200000047683716,3.069999933242798,3.0999999046325684,155000
41,3.0999999046325684,3.0999999046325684,2019-04-02,3.119999885559082,3.009999990463257,3.049999952316284,139100
42,3.109999895095825,3.109999895095825,2019-04-01,3.1500000953674316,3.059999942779541,3.0899999141693115,63900
43,3.069999933242798,3.069999933242798,2019-03-29,3.119999885559082,3.0199999809265137,3.069999933242798,145700
44,3.069999933242798,3.069999933242798,2019-03-28,3.069999933242798,2.990000009536743,3.0299999713897705,53400
45,3.0299999713897705,3.0299999713897705,2019-03-27,3.049999952316284,2.950000047683716,3.0199999809265137,61900
46,3.0299999713897705,3.0299999713897705,2019-03-26,3.069999933242798,2.9000000953674316,2.9700000286102295,115800
47,2.9800000190734863,2.9800000190734863,2019-03-25,3.0399999618530273,2.940000057220459,3.0199999809265137,73300
48,3.049999952316284,3.049999952316284,2019-03-22,3.140000104904175,3.0199999809265137,3.059999942779541,105500
49,3.0899999141693115,3.0899999141693115,2019-03-21,3.1500000953674316,3.0799999237060547,3.0999999046325684,63300
50,3.109999895095825,3.109999895095825,2019-03-20,3.1600000858306885,3.0399999618530273,3.0799999237060547,145000
51,3.069999933242798,3.069999933242798,2019-03-19,3.0999999046325684,3.0,3.009999990463257,61300
52,3.009999990463257,3.009999990463257,2019-03-18,3.200000047683716,2.9800000190734863,3.0399999618530273,191500
53,3.049999952316284,3.049999952316284,2019-03-15,3.140000104904175,2.9600000381469727,3.069999933242798,207300
54,3.0799999237060547,3.0799999237060547,2019-03-14,3.180000066757202,3.009999990463257,3.0899999141693115,153100
55,3.0899999141693115,3.0899999141693115,2019-03-13,3.0999999046325684,2.9600000381469727,3.0199999809265137,140000
56,3.0,3.0,2019-03-12,3.049999952316284,2.9200000762939453,2.950000047683716,112200
57,2.9600000381469727,2.9600000381469727,2019-03-11,3.059999942779541,2.9100000858306885,2.9700000286102295,121600
58,2.950000047683716,2.950000047683716,2019-03-08,3.049999952316284,2.9200000762939453,3.049999952316284,108000
59,3.049999952316284,3.049999952316284,2019-03-07,3.059999942779541,2.9100000858306885,3.0199999809265137,158600
60,2.9700000286102295,2.9700000286102295,2019-03-06,3.2699999809265137,2.890000104904175,3.240000009536743,380500
61,3.240000009536743,3.240000009536743,2019-03-05,3.25,3.0799999237060547,3.140000104904175,261200
62,3.140000104904175,3.140000104904175,2019-03-04,3.240000009536743,3.0299999713897705,3.069999933242798,598400
63,3.009999990463257,3.009999990463257,2019-03-01,3.0299999713897705,2.859999895095825,2.859999895095825,318800
64,2.880000114440918,2.880000114440918,2019-02-28,2.950000047683716,2.799999952316284,2.809999942779541,433900
65,2.809999942779541,2.809999942779541,2019-02-27,2.8399999141693115,2.740000009536743,2.7699999809265137,146700
66,2.7799999713897705,2.7799999713897705,2019-02-26,2.890000104904175,2.7799999713897705,2.7799999713897705,102500
67,2.799999952316284,2.799999952316284,2019-02-25,2.9000000953674316,2.7799999713897705,2.8399999141693115,150000
68,2.809999942779541,2.809999942779541,2019-02-22,2.930000066757202,2.799999952316284,2.9000000953674316,121100
69,2.869999885559082,2.869999885559082,2019-02-21,2.940000057220459,2.7200000286102295,2.7799999713897705,178800
70,2.7799999713897705,2.7799999713897705,2019-02-20,2.930000066757202,2.7100000381469727,2.890000104904175,261500
71,2.9000000953674316,2.9000000953674316,2019-02-19,3.0899999141693115,2.869999885559082,3.069999933242798,156700
72,3.0399999618530273,3.0399999618530273,2019-02-15,3.140000104904175,2.9600000381469727,2.9600000381469727,240300
73,2.950000047683716,2.950000047683716,2019-02-14,3.0199999809265137,2.890000104904175,2.9000000953674316,188500
74,2.9000000953674316,2.9000000953674316,2019-02-13,3.1700000762939453,2.8399999141693115,2.9600000381469727,422800
75,2.9600000381469727,2.9600000381469727,2019-02-12,2.9700000286102295,2.819999933242798,2.859999895095825,230200
76,2.869999885559082,2.869999885559082,2019-02-11,2.9000000953674316,2.690000057220459,2.700000047683716,218100
77,2.7100000381469727,2.7100000381469727,2019-02-08,2.819999933242798,2.6500000953674316,2.7100000381469727,284800
78,2.690000057220459,2.690000057220459,2019-02-07,2.7300000190734863,2.559999942779541,2.5799999237060547,90800
79,2.630000114440918,2.630000114440918,2019-02-06,2.680000066757202,2.509999990463257,2.5799999237060547,108900
80,2.5999999046325684,2.5999999046325684,2019-02-05,2.7699999809265137,2.559999942779541,2.690000057220459,127500
81,2.680000066757202,2.680000066757202,2019-02-04,2.799999952316284,2.619999885559082,2.7300000190734863,191900
82,2.740000009536743,2.740000009536743,2019-02-01,2.799999952316284,2.690000057220459,2.690000057220459,197900
83,2.700000047683716,2.700000047683716,2019-01-31,2.75,2.5899999141693115,2.6500000953674316,190700
84,2.6500000953674316,2.6500000953674316,2019-01-30,2.75,2.630000114440918,2.700000047683716,114300
85,2.680000066757202,2.680000066757202,2019-01-29,2.799999952316284,2.6500000953674316,2.700000047683716,185200
86,2.7200000286102295,2.7200000286102295,2019-01-28,2.7899999618530273,2.6500000953674316,2.690000057220459,177400
87,2.6700000762939453,2.6700000762939453,2019-01-25,2.7899999618530273,2.6500000953674316,2.7100000381469727,189100
88,2.700000047683716,2.700000047683716,2019-01-24,2.75,2.549999952316284,2.5799999237060547,203100
89,2.569999933242798,2.569999933242798,2019-01-23,2.869999885559082,2.549999952316284,2.690000057220459,242200
90,2.680000066757202,2.680000066757202,2019-01-22,2.7200000286102295,2.559999942779541,2.7200000286102295,162500
91,2.7300000190734863,2.7300000190734863,2019-01-18,2.890000104904175,2.680000066757202,2.799999952316284,159500
92,2.7799999713897705,2.7799999713897705,2019-01-17,2.9200000762939453,2.759999990463257,2.8299999237060547,165300
93,2.8299999237060547,2.8299999237060547,2019-01-16,2.930000066757202,2.799999952316284,2.880000114440918,81400
94,2.8499999046325684,2.8499999046325684,2019-01-15,2.950000047683716,2.759999990463257,2.9100000858306885,327300
95,2.9000000953674316,2.9000000953674316,2019-01-14,2.9800000190734863,2.8299999237060547,2.8399999141693115,93500
96,2.890000104904175,2.890000104904175,2019-01-11,2.950000047683716,2.809999942779541,2.9000000953674316,129000
97,2.9000000953674316,2.9000000953674316,2019-01-10,2.940000057220459,2.700000047683716,2.7899999618530273,154300
98,2.799999952316284,2.799999952316284,2019-01-09,2.8499999046325684,2.7100000381469727,2.759999990463257,115000
99,2.759999990463257,2.759999990463257,2019-01-08,2.890000104904175,2.740000009536743,2.8399999141693115,194500
100,2.759999990463257,2.759999990463257,2019-01-07,2.7899999618530273,2.5399999618530273,2.5799999237060547,216800
101,2.5199999809265137,2.5199999809265137,2019-01-04,2.640000104904175,2.490000009536743,2.5799999237060547,168400
102,2.569999933242798,2.569999933242798,2019-01-03,2.640000104904175,2.5,2.609999895095825,163800
103,2.630000114440918,2.630000114440918,2019-01-02,2.6500000953674316,2.4000000953674316,2.569999933242798,254500
104,2.640000104904175,2.640000104904175,2018-12-31,2.6500000953674316,2.2799999713897705,2.440000057220459,441200
105,2.450000047683716,2.450000047683716,2018-12-28,2.6500000953674316,2.049999952316284,2.049999952316284,578100
106,2.0199999809265137,2.0199999809265137,2018-12-27,2.069999933242798,1.8200000524520874,1.9900000095367432,795000
107,1.9900000095367432,1.9900000095367432,2018-12-26,2.0999999046325684,1.9600000381469727,1.9600000381469727,333000
108,1.9199999570846558,1.9199999570846558,2018-12-24,2.0899999141693115,1.9199999570846558,2.0199999809265137,171200
109,2.049999952316284,2.049999952316284,2018-12-21,2.119999885559082,1.9800000190734863,2.0999999046325684,607900
110,2.059999942779541,2.059999942779541,2018-12-20,2.25,1.9900000095367432,2.190000057220459,334200
111,2.109999895095825,2.109999895095825,2018-12-19,2.2799999713897705,2.0799999237060547,2.1700000762939453,251600
112,2.1600000858306885,2.1600000858306885,2018-12-18,2.380000114440918,2.1500000953674316,2.3399999141693115,426100
113,2.3399999141693115,2.3399999141693115,2018-12-17,2.569999933242798,2.299999952316284,2.549999952316284,230400
114,2.5299999713897705,2.5299999713897705,2018-12-14,2.549999952316284,2.4000000953674316,2.440000057220459,158700
115,2.450000047683716,2.450000047683716,2018-12-13,2.630000114440918,2.390000104904175,2.5999999046325684,117900
116,2.569999933242798,2.569999933242798,2018-12-12,2.6500000953674316,2.440000057220459,2.450000047683716,201600
117,2.4600000381469727,2.4600000381469727,2018-12-11,2.569999933242798,2.4100000858306885,2.549999952316284,272200
118,2.5199999809265137,2.5199999809265137,2018-12-10,2.609999895095825,2.5,2.5899999141693115,191000
119,2.5899999141693115,2.5899999141693115,2018-12-07,2.7100000381469727,2.5799999237060547,2.5999999046325684,241300
120,2.5799999237060547,2.5799999237060547,2018-12-06,2.819999933242798,2.559999942779541,2.7100000381469727,414800
121,2.799999952316284,2.799999952316284,2018-12-04,2.9800000190734863,2.690000057220459,2.799999952316284,599900
122,2.7100000381469727,2.7100000381469727,2018-12-03,3.2100000381469727,2.6700000762939453,3.130000114440918,783200
123,2.880000114440918,2.880000114440918,2018-11-30,2.930000066757202,2.7699999809265137,2.859999895095825,643000
124,2.869999885559082,2.869999885559082,2018-11-29,2.950000047683716,2.740000009536743,2.8399999141693115,172600
125,2.809999942779541,2.809999942779541,2018-11-28,2.9000000953674316,2.6500000953674316,2.7799999713897705,311200
126,2.7799999713897705,2.7799999713897705,2018-11-27,2.8399999141693115,2.7200000286102295,2.809999942779541,158500
127,2.8299999237060547,2.8299999237060547,2018-11-26,2.9600000381469727,2.759999990463257,2.7799999713897705,152300
128,2.759999990463257,2.759999990463257,2018-11-23,2.8499999046325684,2.7300000190734863,2.7899999618530273,99700
129,2.7799999713897705,2.7799999713897705,2018-11-21,2.809999942779541,2.690000057220459,2.690000057220459,173000
130,2.690000057220459,2.690000057220459,2018-11-20,2.819999933242798,2.680000066757202,2.700000047683716,277500
131,2.7300000190734863,2.7300000190734863,2018-11-19,3.109999895095825,2.7300000190734863,3.0199999809265137,468000
132,3.0299999713897705,3.0299999713897705,2018-11-16,3.059999942779541,2.880000114440918,3.0,132300
133,3.069999933242798,3.069999933242798,2018-11-15,3.0799999237060547,2.799999952316284,2.8299999237060547,192800
134,2.809999942779541,2.809999942779541,2018-11-14,3.0299999713897705,2.809999942779541,2.990000009536743,188500
135,2.990000009536743,2.990000009536743,2018-11-13,3.1500000953674316,2.9600000381469727,3.109999895095825,120000
136,3.0799999237060547,3.0799999237060547,2018-11-12,3.2799999713897705,3.009999990463257,3.2799999713897705,230400
137,3.2799999713897705,3.2799999713897705,2018-11-09,3.359999895095825,3.109999895095825,3.359999895095825,221600
138,3.4200000762939453,3.4200000762939453,2018-11-08,3.5299999713897705,3.380000114440918,3.450000047683716,76000
139,3.4600000381469727,3.4600000381469727,2018-11-07,3.5799999237060547,3.369999885559082,3.430000066757202,169100
140,3.3299999237060547,3.3299999237060547,2018-11-06,3.4000000953674316,3.309999942779541,3.3499999046325684,676600
141,3.3499999046325684,3.3499999046325684,2018-11-05,3.4700000286102295,3.2100000381469727,3.3499999046325684,279800
142,3.2100000381469727,3.2100000381469727,2018-11-02,3.319999933242798,3.049999952316284,3.2899999618530273,393600
143,3.319999933242798,3.319999933242798,2018-11-01,3.4800000190734863,3.2799999713897705,3.3399999141693115,378700
144,3.3399999141693115,3.3399999141693115,2018-10-31,3.380000114440918,3.2300000190734863,3.2300000190734863,150900
145,3.200000047683716,3.200000047683716,2018-10-30,3.390000104904175,3.190000057220459,3.319999933242798,159100
146,3.3399999141693115,3.3399999141693115,2018-10-29,3.450000047683716,3.25,3.299999952316284,297500
147,3.299999952316284,3.299999952316284,2018-10-26,3.630000114440918,3.25,3.5,328500
148,3.3499999046325684,3.3499999046325684,2018-10-25,3.4600000381469727,3.2200000286102295,3.4000000953674316,488700
149,3.380000114440918,3.380000114440918,2018-10-24,3.6500000953674316,3.380000114440918,3.630000114440918,164200
150,3.640000104904175,3.640000104904175,2018-10-23,3.740000009536743,3.3499999046325684,3.5,286900
151,3.5899999141693115,3.5899999141693115,2018-10-22,3.7699999809265137,3.559999942779541,3.7699999809265137,145000
152,3.75,3.75,2018-10-19,4.050000190734863,3.7100000381469727,4.019999980926514,136700
153,4.019999980926514,4.019999980926514,2018-10-18,4.059999942779541,3.9200000762939453,4.03000020980835,175900
154,4.050000190734863,4.050000190734863,2018-10-17,4.070000171661377,3.8299999237060547,4.0,150400
155,4.010000228881836,4.010000228881836,2018-10-16,4.130000114440918,3.940000057220459,4.099999904632568,124600
156,4.079999923706055,4.079999923706055,2018-10-15,4.099999904632568,3.950000047683716,4.03000020980835,235500
157,4.019999980926514,4.019999980926514,2018-10-12,4.070000171661377,3.8499999046325684,3.8499999046325684,435300
158,3.869999885559082,3.869999885559082,2018-10-11,3.880000114440918,3.5399999618530273,3.559999942779541,341300
159,3.559999942779541,3.559999942779541,2018-10-10,3.8499999046325684,3.5299999713897705,3.8499999046325684,387800
160,3.8499999046325684,3.8499999046325684,2018-10-09,3.9100000858306885,3.680000066757202,3.75,205600
161,3.75,3.75,2018-10-08,3.819999933242798,3.6600000858306885,3.7899999618530273,162700
162,3.809999942779541,3.809999942779541,2018-10-05,3.950000047683716,3.75,3.859999895095825,122000
163,3.869999885559082,3.869999885559082,2018-10-04,4.0,3.799999952316284,3.950000047683716,193700
164,3.950000047683716,3.950000047683716,2018-10-03,4.059999942779541,3.9000000953674316,3.950000047683716,219800
165,3.950000047683716,3.950000047683716,2018-10-02,4.119999885559082,3.9200000762939453,4.119999885559082,315000
166,4.099999904632568,4.099999904632568,2018-10-01,4.349999904632568,4.010000228881836,4.340000152587891,931900
167,4.309999942779541,4.309999942779541,2018-09-28,4.400000095367432,4.28000020980835,4.380000114440918,268200
168,4.400000095367432,4.400000095367432,2018-09-27,4.449999809265137,4.340000152587891,4.400000095367432,268800
169,4.380000114440918,4.380000114440918,2018-09-26,4.519999980926514,4.360000133514404,4.46999979019165,177200
170,4.46999979019165,4.46999979019165,2018-09-25,4.480000019073486,4.28000020980835,4.400000095367432,508600
171,4.389999866485596,4.389999866485596,2018-09-24,4.400000095367432,4.25,4.400000095367432,395700
172,4.409999847412109,4.409999847412109,2018-09-21,4.519999980926514,4.349999904632568,4.519999980926514,415000
173,4.510000228881836,4.510000228881836,2018-09-20,4.610000133514404,4.429999828338623,4.539999961853027,666500
174,4.550000190734863,4.550000190734863,2018-09-19,4.619999885559082,4.369999885559082,4.5,704700
175,4.550000190734863,4.550000190734863,2018-09-18,4.670000076293945,4.460000038146973,4.659999847412109,385200
176,4.610000133514404,4.610000133514404,2018-09-17,4.800000190734863,4.53000020980835,4.630000114440918,759300
177,4.570000171661377,4.570000171661377,2018-09-14,4.650000095367432,4.389999866485596,4.389999866485596,696200
178,4.360000133514404,4.360000133514404,2018-09-13,4.460000038146973,4.329999923706055,4.369999885559082,181400
179,4.369999885559082,4.369999885559082,2018-09-12,4.409999847412109,4.269999980926514,4.28000020980835,240700
180,4.300000190734863,4.300000190734863,2018-09-11,4.46999979019165,4.289999961853027,4.449999809265137,418400
181,4.380000114440918,4.380000114440918,2018-09-10,4.510000228881836,4.28000020980835,4.340000152587891,518300
182,4.300000190734863,4.300000190734863,2018-09-07,4.349999904632568,4.110000133514404,4.289999961853027,316600
183,4.320000171661377,4.320000171661377,2018-09-06,4.570000171661377,4.159999847412109,4.449999809265137,490300
184,4.360000133514404,4.360000133514404,2018-09-05,4.579999923706055,4.309999942779541,4.510000228881836,333700
185,4.489999771118164,4.489999771118164,2018-09-04,4.510000228881836,4.199999809265137,4.199999809265137,479900
186,4.179999828338623,4.179999828338623,2018-08-31,4.75,4.130000114440918,4.150000095367432,748900
187,4.489999771118164,4.489999771118164,2018-08-30,4.599999904632568,4.239999771118164,4.269999980926514,510300
188,4.25,4.25,2018-08-29,4.269999980926514,4.059999942779541,4.199999809265137,250100
189,4.159999847412109,4.159999847412109,2018-08-28,4.400000095367432,4.039999961853027,4.389999866485596,256800
190,4.349999904632568,4.349999904632568,2018-08-27,4.46999979019165,4.25,4.400000095367432,208100
191,4.349999904632568,4.349999904632568,2018-08-24,4.389999866485596,4.239999771118164,4.269999980926514,235700
192,4.239999771118164,4.239999771118164,2018-08-23,4.400000095367432,3.990000009536743,4.380000114440918,531400
193,4.300000190734863,4.300000190734863,2018-08-22,4.300000190734863,3.819999933242798,3.819999933242798,652400
194,3.799999952316284,3.799999952316284,2018-08-21,3.8399999141693115,3.5999999046325684,3.6600000858306885,245500
195,3.7899999618530273,3.7899999618530273,2018-08-20,3.8499999046325684,3.680000066757202,3.680000066757202,136200
196,3.6700000762939453,3.6700000762939453,2018-08-17,3.75,3.630000114440918,3.6500000953674316,109600
197,3.6700000762939453,3.6700000762939453,2018-08-16,3.75,3.5999999046325684,3.7200000286102295,88600
198,3.6700000762939453,3.6700000762939453,2018-08-15,3.759999990463257,3.5899999141693115,3.640000104904175,156700
199,3.630000114440918,3.630000114440918,2018-08-14,3.690000057220459,3.5899999141693115,3.5899999141693115,80500
200,3.559999942779541,3.559999942779541,2018-08-13,3.6600000858306885,3.5199999809265137,3.6600000858306885,75400
201,3.640000104904175,3.640000104904175,2018-08-10,3.6500000953674316,3.5299999713897705,3.640000104904175,148400
202,3.640000104904175,3.640000104904175,2018-08-09,3.75,3.549999952316284,3.630000114440918,150700
203,3.640000104904175,3.640000104904175,2018-08-08,3.700000047683716,3.619999885559082,3.6600000858306885,118200
204,3.640000104904175,3.640000104904175,2018-08-07,3.7100000381469727,3.509999990463257,3.5399999618530273,182000
205,3.559999942779541,3.559999942779541,2018-08-06,3.759999990463257,3.5,3.759999990463257,285100
206,3.75,3.75,2018-08-03,3.880000114440918,3.700000047683716,3.8299999237060547,183700
207,3.8299999237060547,3.8299999237060547,2018-08-02,3.880000114440918,3.799999952316284,3.809999942779541,220700
208,3.799999952316284,3.799999952316284,2018-08-01,3.9200000762939453,3.740000009536743,3.809999942779541,214000
209,3.7899999618530273,3.7899999618530273,2018-07-31,3.859999895095825,3.609999895095825,3.630000114440918,380000
210,3.6700000762939453,3.6700000762939453,2018-07-30,3.859999895095825,3.609999895095825,3.75,250900
211,3.740000009536743,3.740000009536743,2018-07-27,4.039999961853027,3.549999952316284,3.880000114440918,1035100
212,3.509999990463257,3.509999990463257,2018-07-26,3.7200000286102295,3.4000000953674316,3.490000009536743,324700
213,3.390000104904175,3.390000104904175,2018-07-25,3.4600000381469727,3.200000047683716,3.440000057220459,527000
214,3.4600000381469727,3.4600000381469727,2018-07-24,3.859999895095825,3.4000000953674316,3.799999952316284,616000
215,3.75,3.75,2018-07-23,4.050000190734863,3.640000104904175,4.0,595000
216,4.0,4.0,2018-07-20,4.199999809265137,3.869999885559082,3.880000114440918,449300
217,4.039999961853027,4.039999961853027,2018-07-19,4.090000152587891,3.890000104904175,4.019999980926514,214000
218,4.0,4.0,2018-07-18,4.239999771118164,3.9100000858306885,4.239999771118164,355100
219,4.230000019073486,4.230000019073486,2018-07-17,4.300000190734863,4.119999885559082,4.150000095367432,284000
220,4.170000076293945,4.170000076293945,2018-07-16,4.349999904632568,4.070000171661377,4.190000057220459,309000
221,4.260000228881836,4.260000228881836,2018-07-13,4.71999979019165,4.170000076293945,4.690000057220459,498100
222,4.28000020980835,4.28000020980835,2018-07-12,4.619999885559082,4.230000019073486,4.289999961853027,360100
223,4.269999980926514,4.269999980926514,2018-07-11,4.349999904632568,4.130000114440918,4.130000114440918,172600
224,4.130000114440918,4.130000114440918,2018-07-10,4.440000057220459,4.059999942779541,4.389999866485596,220900
225,4.400000095367432,4.400000095367432,2018-07-09,4.5,4.360000133514404,4.460000038146973,153000
226,4.409999847412109,4.409999847412109,2018-07-06,4.510000228881836,4.349999904632568,4.389999866485596,174000
227,4.420000076293945,4.420000076293945,2018-07-05,4.670000076293945,4.210000038146973,4.210000038146973,527900
228,4.190000057220459,4.190000057220459,2018-07-03,4.190000057220459,4.019999980926514,4.079999923706055,111200
229,4.010000228881836,4.010000228881836,2018-07-02,4.099999904632568,3.9700000286102295,4.03000020980835,216800
230,3.940000057220459,3.940000057220459,2018-06-29,4.010000228881836,3.880000114440918,3.880000114440918,462400
231,3.880000114440918,3.880000114440918,2018-06-28,4.050000190734863,3.75,4.039999961853027,392700
232,4.050000190734863,4.050000190734863,2018-06-27,4.389999866485596,4.050000190734863,4.269999980926514,230400
233,4.260000228881836,4.260000228881836,2018-06-26,4.28000020980835,4.110000133514404,4.179999828338623,184300
234,4.159999847412109,4.159999847412109,2018-06-25,4.340000152587891,4.119999885559082,4.340000152587891,296800
235,4.329999923706055,4.329999923706055,2018-06-22,4.380000114440918,4.21999979019165,4.320000171661377,210900
236,4.25,4.25,2018-06-21,4.650000095367432,4.239999771118164,4.599999904632568,433400
237,4.619999885559082,4.619999885559082,2018-06-20,4.789999961853027,4.480000019073486,4.53000020980835,432500
238,4.480000019073486,4.480000019073486,2018-06-19,4.639999866485596,4.429999828338623,4.460000038146973,358800
239,4.489999771118164,4.489999771118164,2018-06-18,4.5,4.170000076293945,4.21999979019165,345500
240,4.239999771118164,4.239999771118164,2018-06-15,4.369999885559082,4.03000020980835,4.340000152587891,559800
241,4.349999904632568,4.349999904632568,2018-06-14,4.559999942779541,4.300000190734863,4.46999979019165,326400
242,4.429999828338623,4.429999828338623,2018-06-13,4.519999980926514,4.25,4.269999980926514,475900
243,4.449999809265137,4.449999809265137,2018-06-12,4.739999771118164,4.300000190734863,4.699999809265137,820500
244,4.730000019073486,4.730000019073486,2018-06-11,4.960000038146973,4.699999809265137,4.929999828338623,433000
245,4.949999809265137,4.949999809265137,2018-06-08,5.0,4.650000095367432,4.679999828338623,702000
246,4.75,4.75,2018-06-07,4.75,4.360000133514404,4.550000190734863,1348000
247,4.800000190734863,4.800000190734863,2018-06-06,5.139999866485596,4.5,4.699999809265137,4902100
248,4.150000095367432,4.150000095367432,2018-06-05,4.25,3.569999933242798,3.6600000858306885,1730300
249,3.569999933242798,3.569999933242798,2018-06-04,3.75,3.5399999618530273,3.569999933242798,1164800
250,3.430000066757202,3.430000066757202,2018-06-01,3.5999999046325684,3.3299999237060547,3.3299999237060547,711800
251,3.319999933242798,3.319999933242798,2018-05-31,3.5399999618530273,3.2699999809265137,3.299999952316284,667800
252,3.299999952316284,3.299999952316284,2018-05-30,3.4800000190734863,3.140000104904175,3.1500000953674316,571500
253,3.1500000953674316,3.1500000953674316,2018-05-29,3.2100000381469727,3.059999942779541,3.1600000858306885,256700
254,3.130000114440918,3.130000114440918,2018-05-25,3.359999895095825,3.0799999237060547,3.180000066757202,478600
255,3.1600000858306885,3.1600000858306885,2018-05-24,3.299999952316284,3.0199999809265137,3.0799999237060547,382200
256,3.0999999046325684,3.0999999046325684,2018-05-23,3.2899999618530273,2.890000104904175,3.25,498800
257,3.25,3.25,2018-05-22,3.380000114440918,3.1700000762939453,3.380000114440918,450300
258,3.3499999046325684,3.3499999046325684,2018-05-21,3.549999952316284,3.2899999618530273,3.5,446500
259,3.4600000381469727,3.4600000381469727,2018-05-18,3.549999952316284,3.1500000953674316,3.259999990463257,1041200
260,3.25,3.25,2018-05-17,3.4100000858306885,2.9100000858306885,3.1500000953674316,1293200
261,3.2699999809265137,3.2699999809265137,2018-05-16,3.3499999046325684,3.0,3.009999990463257,1377200
262,3.4000000953674316,3.4000000953674316,2018-05-15,3.4700000286102295,2.5299999713897705,2.5399999618530273,3786700
263,2.5299999713897705,2.5299999713897705,2018-05-14,2.640000104904175,2.240000009536743,2.240000009536743,994300
264,2.2300000190734863,2.2300000190734863,2018-05-11,2.4700000286102295,2.1500000953674316,2.450000047683716,495700
265,2.4600000381469727,2.4600000381469727,2018-05-10,2.5,2.430000066757202,2.5,107100
266,2.440000057220459,2.440000057220459,2018-05-09,2.549999952316284,2.309999942779541,2.3499999046325684,598500
267,2.3299999237060547,2.3299999237060547,2018-05-08,2.5,2.319999933242798,2.5,196200
268,2.4800000190734863,2.4800000190734863,2018-05-07,2.5199999809265137,2.309999942779541,2.309999942779541,700300
269,2.309999942779541,2.309999942779541,2018-05-04,2.319999933242798,2.200000047683716,2.200000047683716,86900
270,2.180000066757202,2.180000066757202,2018-05-03,2.2899999618530273,2.1600000858306885,2.2899999618530273,100000
271,2.2799999713897705,2.2799999713897705,2018-05-02,2.3299999237060547,2.240000009536743,2.240000009536743,116000
272,2.25,2.25,2018-05-01,2.299999952316284,2.2300000190734863,2.240000009536743,62800
273,2.240000009536743,2.240000009536743,2018-04-30,2.3299999237060547,2.0799999237060547,2.0799999237060547,714500
274,2.1600000858306885,2.1600000858306885,2018-04-27,2.1600000858306885,2.0199999809265137,2.049999952316284,123000
275,2.0199999809265137,2.0199999809265137,2018-04-26,2.0999999046325684,2.009999990463257,2.0199999809265137,148300
276,2.0199999809265137,2.0199999809265137,2018-04-25,2.0899999141693115,2.009999990463257,2.049999952316284,57600
277,2.059999942779541,2.059999942779541,2018-04-24,2.1600000858306885,2.049999952316284,2.1500000953674316,57800
278,2.180000066757202,2.180000066757202,2018-04-23,2.190000057220459,2.1500000953674316,2.1700000762939453,52400
279,2.1500000953674316,2.1500000953674316,2018-04-20,2.190000057220459,2.130000114440918,2.180000066757202,76600
280,2.1700000762939453,2.1700000762939453,2018-04-19,2.180000066757202,2.109999895095825,2.140000104904175,55300
281,2.130000114440918,2.130000114440918,2018-04-18,2.1600000858306885,2.109999895095825,2.109999895095825,68200
282,2.109999895095825,2.109999895095825,2018-04-17,2.1600000858306885,2.0799999237060547,2.130000114440918,103800
283,2.109999895095825,2.109999895095825,2018-04-16,2.1500000953674316,2.049999952316284,2.049999952316284,84400
284,2.0399999618530273,2.0399999618530273,2018-04-13,2.1700000762939453,2.0299999713897705,2.0799999237060547,53800
285,2.049999952316284,2.049999952316284,2018-04-12,2.2799999713897705,2.049999952316284,2.1700000762939453,188600
286,1.9500000476837158,1.9500000476837158,2018-04-11,2.049999952316284,1.909999966621399,1.909999966621399,58600
287,1.9299999475479126,1.9299999475479126,2018-04-10,1.9900000095367432,1.899999976158142,1.899999976158142,48200
288,1.8899999856948853,1.8899999856948853,2018-04-09,2.0399999618530273,1.8899999856948853,1.9700000286102295,125700
289,1.9600000381469727,1.9600000381469727,2018-04-06,2.0299999713897705,1.9199999570846558,1.9800000190734863,83800
290,1.9800000190734863,1.9800000190734863,2018-04-05,2.069999933242798,1.9800000190734863,2.069999933242798,95200
291,2.069999933242798,2.069999933242798,2018-04-04,2.130000114440918,2.009999990463257,2.009999990463257,41200
292,2.009999990463257,2.009999990463257,2018-04-03,2.0399999618530273,2.0,2.0399999618530273,57400
293,2.0199999809265137,2.0199999809265137,2018-04-02,2.109999895095825,2.0199999809265137,2.069999933242798,68400
294,2.069999933242798,2.069999933242798,2018-03-29,2.0899999141693115,2.049999952316284,2.0799999237060547,46400
295,2.059999942779541,2.059999942779541,2018-03-28,2.109999895095825,2.0199999809265137,2.0899999141693115,104100
296,2.0999999046325684,2.0999999046325684,2018-03-27,2.109999895095825,2.049999952316284,2.0799999237060547,74000
297,2.0899999141693115,2.0899999141693115,2018-03-26,2.1600000858306885,2.0799999237060547,2.1500000953674316,95800
298,2.1500000953674316,2.1500000953674316,2018-03-23,2.180000066757202,2.109999895095825,2.180000066757202,37000
299,2.1500000953674316,2.1500000953674316,2018-03-22,2.2200000286102295,2.130000114440918,2.200000047683716,87500
300,2.190000057220459,2.190000057220459,2018-03-21,2.2300000190734863,2.0999999046325684,2.0999999046325684,105800
301,2.109999895095825,2.109999895095825,2018-03-20,2.119999885559082,2.069999933242798,2.069999933242798,79100
302,2.0799999237060547,2.0799999237060547,2018-03-19,2.130000114440918,2.059999942779541,2.059999942779541,53100
303,2.0899999141693115,2.0899999141693115,2018-03-16,2.130000114440918,2.059999942779541,2.0799999237060547,98600
304,2.1600000858306885,2.1600000858306885,2018-03-15,2.240000009536743,2.130000114440918,2.1700000762939453,35500
305,2.180000066757202,2.180000066757202,2018-03-14,2.2799999713897705,2.130000114440918,2.1600000858306885,108700
306,2.130000114440918,2.130000114440918,2018-03-13,2.2100000381469727,2.119999885559082,2.140000104904175,80300
307,2.119999885559082,2.119999885559082,2018-03-12,2.200000047683716,2.109999895095825,2.180000066757202,54300
308,2.1600000858306885,2.1600000858306885,2018-03-09,2.190000057220459,2.1500000953674316,2.180000066757202,34500
309,2.1600000858306885,2.1600000858306885,2018-03-08,2.2300000190734863,2.1600000858306885,2.1600000858306885,32800
310,2.1600000858306885,2.1600000858306885,2018-03-07,2.25,2.1500000953674316,2.1700000762939453,51800
311,2.180000066757202,2.180000066757202,2018-03-06,2.2100000381469727,2.1700000762939453,2.180000066757202,50200
312,2.200000047683716,2.200000047683716,2018-03-05,2.25,2.1700000762939453,2.25,83300
313,2.25,2.25,2018-03-02,2.2699999809265137,2.2100000381469727,2.240000009536743,58000
314,2.200000047683716,2.200000047683716,2018-03-01,2.2899999618530273,2.1600000858306885,2.1600000858306885,45200
315,2.2200000286102295,2.2200000286102295,2018-02-28,2.2799999713897705,2.2100000381469727,2.2200000286102295,36000
316,2.25,2.25,2018-02-27,2.3499999046325684,2.190000057220459,2.259999990463257,194200
317,2.2300000190734863,2.2300000190734863,2018-02-26,2.259999990463257,2.190000057220459,2.200000047683716,48200
318,2.180000066757202,2.180000066757202,2018-02-23,2.25,2.1500000953674316,2.25,105700
319,2.190000057220459,2.190000057220459,2018-02-22,2.2100000381469727,2.130000114440918,2.180000066757202,46200
320,2.0999999046325684,2.0999999046325684,2018-02-21,2.2699999809265137,2.0999999046325684,2.2100000381469727,62900
321,2.190000057220459,2.190000057220459,2018-02-20,2.2799999713897705,2.1600000858306885,2.1700000762939453,121000
322,2.190000057220459,2.190000057220459,2018-02-16,2.2200000286102295,2.1700000762939453,2.180000066757202,52000
323,2.1500000953674316,2.1500000953674316,2018-02-15,2.180000066757202,2.1500000953674316,2.1600000858306885,32800
324,2.1700000762939453,2.1700000762939453,2018-02-14,2.200000047683716,2.0999999046325684,2.0999999046325684,57700
325,2.130000114440918,2.130000114440918,2018-02-13,2.190000057220459,2.0899999141693115,2.119999885559082,82100
326,2.109999895095825,2.109999895095825,2018-02-12,2.180000066757202,2.0799999237060547,2.140000104904175,46200
327,2.140000104904175,2.140000104904175,2018-02-09,2.2300000190734863,2.049999952316284,2.190000057220459,180800
328,2.180000066757202,2.180000066757202,2018-02-08,2.359999895095825,2.1500000953674316,2.3299999237060547,128400
329,2.3299999237060547,2.3299999237060547,2018-02-07,2.390000104904175,2.1600000858306885,2.1600000858306885,243300
330,2.1500000953674316,2.1500000953674316,2018-02-06,2.1700000762939453,2.0999999046325684,2.1500000953674316,162800
331,2.130000114440918,2.130000114440918,2018-02-05,2.1600000858306885,2.0899999141693115,2.140000104904175,168600
332,2.1700000762939453,2.1700000762939453,2018-02-02,2.200000047683716,2.140000104904175,2.200000047683716,90500
333,2.2100000381469727,2.2100000381469727,2018-02-01,2.2300000190734863,2.130000114440918,2.190000057220459,192600
334,2.180000066757202,2.180000066757202,2018-01-31,2.2300000190734863,2.1500000953674316,2.1500000953674316,102900
335,2.1600000858306885,2.1600000858306885,2018-01-30,2.190000057220459,2.119999885559082,2.1500000953674316,76400
336,2.1600000858306885,2.1600000858306885,2018-01-29,2.2899999618530273,2.140000104904175,2.2100000381469727,75900
337,2.2100000381469727,2.2100000381469727,2018-01-26,2.2699999809265137,2.190000057220459,2.240000009536743,110400
338,2.25,2.25,2018-01-25,2.25,2.1700000762939453,2.180000066757202,85500
339,2.190000057220459,2.190000057220459,2018-01-24,2.2799999713897705,2.1500000953674316,2.240000009536743,90800
340,2.2300000190734863,2.2300000190734863,2018-01-23,2.2799999713897705,2.180000066757202,2.2699999809265137,59000
341,2.25,2.25,2018-01-22,2.25,2.1600000858306885,2.200000047683716,65900
342,2.200000047683716,2.200000047683716,2018-01-19,2.200000047683716,2.130000114440918,2.130000114440918,96200
343,2.130000114440918,2.130000114440918,2018-01-18,2.190000057220459,2.0999999046325684,2.190000057220459,84900
344,2.1600000858306885,2.1600000858306885,2018-01-17,2.200000047683716,2.0999999046325684,2.200000047683716,73900
345,2.190000057220459,2.190000057220459,2018-01-16,2.380000114440918,2.130000114440918,2.380000114440918,401600
346,2.359999895095825,2.359999895095825,2018-01-12,2.430000066757202,2.299999952316284,2.4000000953674316,146700
347,2.380000114440918,2.380000114440918,2018-01-11,2.490000009536743,2.299999952316284,2.450000047683716,438800
348,2.240000009536743,2.240000009536743,2018-01-10,2.240000009536743,2.1700000762939453,2.2100000381469727,51600
349,2.1700000762939453,2.1700000762939453,2018-01-09,2.200000047683716,2.1500000953674316,2.200000047683716,86500
350,2.200000047683716,2.200000047683716,2018-01-08,2.2699999809265137,2.180000066757202,2.240000009536743,127800
351,2.180000066757202,2.180000066757202,2018-01-05,2.240000009536743,2.1500000953674316,2.240000009536743,85500
352,2.25,2.25,2018-01-04,2.25,2.109999895095825,2.1500000953674316,83300
353,2.1500000953674316,2.1500000953674316,2018-01-03,2.2200000286102295,2.119999885559082,2.180000066757202,63800
354,2.190000057220459,2.190000057220459,2018-01-02,2.240000009536743,2.059999942779541,2.1500000953674316,155600
355,2.0999999046325684,2.0999999046325684,2017-12-29,2.130000114440918,2.0,2.0,123200
356,2.0,2.0,2017-12-28,2.0899999141693115,1.9600000381469727,2.0399999618530273,171300
357,2.0399999618530273,2.0399999618530273,2017-12-27,2.0899999141693115,2.0299999713897705,2.0299999713897705,86400
358,2.0399999618530273,2.0399999618530273,2017-12-26,2.0899999141693115,1.9900000095367432,2.0,120600
359,2.009999990463257,2.009999990463257,2017-12-22,2.0199999809265137,1.899999976158142,1.899999976158142,90000
360,1.909999966621399,1.909999966621399,2017-12-21,2.0,1.7899999618530273,1.9600000381469727,242000
361,2.0199999809265137,2.0199999809265137,2017-12-20,2.0999999046325684,1.9800000190734863,2.0799999237060547,274400
362,2.069999933242798,2.069999933242798,2017-12-19,2.1500000953674316,2.059999942779541,2.069999933242798,125700
363,2.0799999237060547,2.0799999237060547,2017-12-18,2.1500000953674316,2.069999933242798,2.130000114440918,175400
364,2.1500000953674316,2.1500000953674316,2017-12-15,2.240000009536743,2.119999885559082,2.119999885559082,86700
365,2.119999885559082,2.119999885559082,2017-12-14,2.180000066757202,2.0899999141693115,2.140000104904175,66300
366,2.119999885559082,2.119999885559082,2017-12-13,2.1600000858306885,2.049999952316284,2.119999885559082,177700
367,2.109999895095825,2.109999895095825,2017-12-12,2.190000057220459,2.109999895095825,2.1700000762939453,51700
368,2.140000104904175,2.140000104904175,2017-12-11,2.2899999618530273,2.140000104904175,2.2899999618530273,147600
369,2.2699999809265137,2.2699999809265137,2017-12-08,2.2699999809265137,2.180000066757202,2.240000009536743,103100
370,2.2200000286102295,2.2200000286102295,2017-12-07,2.25,2.1700000762939453,2.190000057220459,103500
371,2.200000047683716,2.200000047683716,2017-12-06,2.240000009536743,2.130000114440918,2.2100000381469727,110200
372,2.25,2.25,2017-12-05,2.25,2.0999999046325684,2.0999999046325684,177100
373,2.1500000953674316,2.1500000953674316,2017-12-04,2.299999952316284,2.140000104904175,2.25,119000
374,2.259999990463257,2.259999990463257,2017-12-01,2.2899999618530273,2.1600000858306885,2.2300000190734863,89000
375,2.240000009536743,2.240000009536743,2017-11-30,2.2799999713897705,2.2100000381469727,2.2200000286102295,35000
376,2.2200000286102295,2.2200000286102295,2017-11-29,2.299999952316284,2.200000047683716,2.2799999713897705,81400
377,2.259999990463257,2.259999990463257,2017-11-28,2.319999933242798,2.200000047683716,2.25,146400
378,2.2300000190734863,2.2300000190734863,2017-11-27,2.3299999237060547,2.200000047683716,2.299999952316284,130600
379,2.2899999618530273,2.2899999618530273,2017-11-24,2.380000114440918,2.2699999809265137,2.380000114440918,51300
380,2.359999895095825,2.359999895095825,2017-11-22,2.359999895095825,2.109999895095825,2.119999885559082,169700
381,2.130000114440918,2.130000114440918,2017-11-21,2.2200000286102295,2.109999895095825,2.109999895095825,277300
382,2.130000114440918,2.130000114440918,2017-11-20,2.299999952316284,2.119999885559082,2.299999952316284,353500
383,2.319999933242798,2.319999933242798,2017-11-17,2.390000104904175,2.25,2.3299999237060547,60900
384,2.309999942779541,2.309999942779541,2017-11-16,2.319999933242798,2.2100000381469727,2.2300000190734863,167600
385,2.25,2.25,2017-11-15,2.2899999618530273,2.2200000286102295,2.2300000190734863,136200
386,2.25,2.25,2017-11-14,2.380000114440918,2.2300000190734863,2.380000114440918,236000
387,2.359999895095825,2.359999895095825,2017-11-13,2.5,2.359999895095825,2.4600000381469727,122600
388,2.4700000286102295,2.4700000286102295,2017-11-10,2.559999942779541,2.3499999046325684,2.430000066757202,257500
389,2.430000066757202,2.430000066757202,2017-11-09,2.490000009536743,2.3499999046325684,2.369999885559082,262800
390,2.3499999046325684,2.3499999046325684,2017-11-08,2.5,2.190000057220459,2.4600000381469727,967700
391,2.569999933242798,2.569999933242798,2017-11-07,2.640000104904175,2.4800000190734863,2.640000104904175,164100
392,2.5899999141693115,2.5899999141693115,2017-11-06,2.5999999046325684,2.5299999713897705,2.5299999713897705,69800
393,2.549999952316284,2.549999952316284,2017-11-03,2.640000104904175,2.5399999618530273,2.619999885559082,111900
394,2.5999999046325684,2.5999999046325684,2017-11-02,2.6500000953674316,2.509999990463257,2.549999952316284,129000
395,2.5299999713897705,2.5299999713897705,2017-11-01,2.6700000762939453,2.509999990463257,2.630000114440918,139300
396,2.619999885559082,2.619999885559082,2017-10-31,2.690000057220459,2.549999952316284,2.559999942779541,104400
397,2.5899999141693115,2.5899999141693115,2017-10-30,2.6700000762939453,2.549999952316284,2.569999933242798,102400
398,2.5899999141693115,2.5899999141693115,2017-10-27,2.7300000190734863,2.5299999713897705,2.7300000190734863,245100
399,2.740000009536743,2.740000009536743,2017-10-26,2.9000000953674316,2.7100000381469727,2.8399999141693115,180800
400,2.8299999237060547,2.8299999237060547,2017-10-25,2.8499999046325684,2.740000009536743,2.7899999618530273,278700
401,2.7899999618530273,2.7899999618530273,2017-10-24,2.799999952316284,2.7100000381469727,2.7100000381469727,268200
402,2.740000009536743,2.740000009536743,2017-10-23,2.75,2.680000066757202,2.700000047683716,236400
403,2.680000066757202,2.680000066757202,2017-10-20,2.7100000381469727,2.430000066757202,2.549999952316284,295100
404,2.619999885559082,2.619999885559082,2017-10-19,2.7699999809265137,2.4100000858306885,2.4600000381469727,1022200
405,2.4800000190734863,2.4800000190734863,2017-10-18,2.490000009536743,2.3399999141693115,2.359999895095825,248000
406,2.3299999237060547,2.3299999237060547,2017-10-17,2.369999885559082,2.299999952316284,2.3399999141693115,193400
407,2.319999933242798,2.319999933242798,2017-10-16,2.380000114440918,2.259999990463257,2.2799999713897705,202400
408,2.299999952316284,2.299999952316284,2017-10-13,2.4200000762939453,2.25,2.4000000953674316,334600
409,2.369999885559082,2.369999885559082,2017-10-12,2.4800000190734863,2.359999895095825,2.430000066757202,124400
410,2.430000066757202,2.430000066757202,2017-10-11,2.559999942779541,2.369999885559082,2.4000000953674316,174000
411,2.4100000858306885,2.4100000858306885,2017-10-10,2.5799999237060547,2.4100000858306885,2.440000057220459,161000
412,2.440000057220459,2.440000057220459,2017-10-09,2.549999952316284,2.440000057220459,2.549999952316284,198800
413,2.569999933242798,2.569999933242798,2017-10-06,2.609999895095825,2.5,2.5999999046325684,143700
414,2.5999999046325684,2.5999999046325684,2017-10-05,2.680000066757202,2.559999942779541,2.569999933242798,171500
415,2.5999999046325684,2.5999999046325684,2017-10-04,2.7100000381469727,2.5799999237060547,2.6700000762939453,168100
416,2.700000047683716,2.700000047683716,2017-10-03,2.75,2.6500000953674316,2.6700000762939453,157900
417,2.690000057220459,2.690000057220459,2017-10-02,2.759999990463257,2.6600000858306885,2.700000047683716,59600
418,2.680000066757202,2.680000066757202,2017-09-29,2.7699999809265137,2.6600000858306885,2.690000057220459,81000
419,2.7100000381469727,2.7100000381469727,2017-09-28,2.7699999809265137,2.690000057220459,2.7100000381469727,32200
420,2.7300000190734863,2.7300000190734863,2017-09-27,2.7899999618530273,2.7100000381469727,2.7300000190734863,96800
421,2.75,2.75,2017-09-26,2.819999933242798,2.690000057220459,2.690000057220459,187700
422,2.690000057220459,2.690000057220459,2017-09-25,2.759999990463257,2.6700000762939453,2.7300000190734863,151600
423,2.75,2.75,2017-09-22,2.7699999809265137,2.680000066757202,2.7699999809265137,94800
424,2.740000009536743,2.740000009536743,2017-09-21,2.7699999809265137,2.640000104904175,2.640000104904175,130400
425,2.690000057220459,2.690000057220459,2017-09-20,2.7100000381469727,2.6500000953674316,2.690000057220459,140700
426,2.690000057220459,2.690000057220459,2017-09-19,2.75,2.6500000953674316,2.7100000381469727,105100
427,2.690000057220459,2.690000057220459,2017-09-18,2.809999942779541,2.6600000858306885,2.740000009536743,140100
428,2.75,2.75,2017-09-15,2.7799999713897705,2.549999952316284,2.630000114440918,241700
429,2.640000104904175,2.640000104904175,2017-09-14,2.700000047683716,2.5399999618530273,2.680000066757202,269400
430,2.6600000858306885,2.6600000858306885,2017-09-13,2.809999942779541,2.6500000953674316,2.740000009536743,240700
431,2.759999990463257,2.759999990463257,2017-09-12,2.8499999046325684,2.700000047683716,2.819999933242798,140100
432,2.809999942779541,2.809999942779541,2017-09-11,2.940000057220459,2.75,2.9000000953674316,213800
433,2.9100000858306885,2.9100000858306885,2017-09-08,3.0299999713897705,2.8299999237060547,2.880000114440918,556300
434,2.8499999046325684,2.8499999046325684,2017-09-07,2.890000104904175,2.680000066757202,2.7799999713897705,295700
435,2.799999952316284,2.799999952316284,2017-09-06,2.859999895095825,2.6500000953674316,2.809999942779541,383400
436,2.75,2.75,2017-09-05,2.8499999046325684,2.6500000953674316,2.6700000762939453,382500
437,2.609999895095825,2.609999895095825,2017-09-01,2.640000104904175,2.4600000381469727,2.640000104904175,279300
438,2.640000104904175,2.640000104904175,2017-08-31,2.680000066757202,2.5799999237060547,2.5799999237060547,112100
439,2.5799999237060547,2.5799999237060547,2017-08-30,2.690000057220459,2.559999942779541,2.640000104904175,112600
440,2.640000104904175,2.640000104904175,2017-08-29,2.680000066757202,2.509999990463257,2.5399999618530273,93000
441,2.559999942779541,2.559999942779541,2017-08-28,2.700000047683716,2.5299999713897705,2.5899999141693115,133000
442,2.569999933242798,2.569999933242798,2017-08-25,2.5999999046325684,2.450000047683716,2.509999990463257,131400
443,2.509999990463257,2.509999990463257,2017-08-24,2.5799999237060547,2.440000057220459,2.450000047683716,285000
444,2.440000057220459,2.440000057220459,2017-08-23,2.5999999046325684,2.440000057220459,2.559999942779541,260600
445,2.5799999237060547,2.5799999237060547,2017-08-22,2.6500000953674316,2.509999990463257,2.609999895095825,151100
446,2.5999999046325684,2.5999999046325684,2017-08-21,2.690000057220459,2.5399999618530273,2.6700000762939453,306900
447,2.680000066757202,2.680000066757202,2017-08-18,2.75,2.5999999046325684,2.7100000381469727,92900
448,2.740000009536743,2.740000009536743,2017-08-17,2.7899999618530273,2.680000066757202,2.740000009536743,193500
449,2.759999990463257,2.759999990463257,2017-08-16,2.799999952316284,2.7100000381469727,2.75,129000
450,2.7699999809265137,2.7699999809265137,2017-08-15,2.8399999141693115,2.7300000190734863,2.7899999618530273,104500
451,2.7899999618530273,2.7899999618530273,2017-08-14,2.799999952316284,2.700000047683716,2.700000047683716,75600
452,2.7200000286102295,2.7200000286102295,2017-08-11,2.7300000190734863,2.5999999046325684,2.630000114440918,158400
453,2.6500000953674316,2.6500000953674316,2017-08-10,2.759999990463257,2.5799999237060547,2.7200000286102295,422100
454,2.740000009536743,2.740000009536743,2017-08-09,2.819999933242798,2.690000057220459,2.700000047683716,262400
455,2.7200000286102295,2.7200000286102295,2017-08-08,2.869999885559082,2.690000057220459,2.869999885559082,394200
456,2.869999885559082,2.869999885559082,2017-08-07,2.950000047683716,2.819999933242798,2.950000047683716,196800
457,2.930000066757202,2.930000066757202,2017-08-04,2.940000057220459,2.5799999237060547,2.759999990463257,283100
458,2.7799999713897705,2.7799999713897705,2017-08-03,2.9000000953674316,2.740000009536743,2.9000000953674316,195100
459,2.9000000953674316,2.9000000953674316,2017-08-02,3.0299999713897705,2.819999933242798,2.9700000286102295,268200
460,2.869999885559082,2.869999885559082,2017-08-01,2.9000000953674316,2.700000047683716,2.8399999141693115,355500
461,2.869999885559082,2.869999885559082,2017-07-31,2.9600000381469727,2.8299999237060547,2.9600000381469727,179100
462,2.950000047683716,2.950000047683716,2017-07-28,3.0399999618530273,2.9000000953674316,3.0,250300
463,3.0199999809265137,3.0199999809265137,2017-07-27,3.069999933242798,2.9000000953674316,3.059999942779541,354400
464,3.049999952316284,3.049999952316284,2017-07-26,3.1500000953674316,2.8299999237060547,2.9800000190734863,715200
465,2.990000009536743,2.990000009536743,2017-07-25,3.059999942779541,2.869999885559082,3.009999990463257,495000
466,3.0399999618530273,3.0399999618530273,2017-07-24,3.0899999141693115,2.9700000286102295,3.049999952316284,238600
467,3.0199999809265137,3.0199999809265137,2017-07-21,3.0999999046325684,2.950000047683716,3.049999952316284,517600
468,3.069999933242798,3.069999933242798,2017-07-20,3.130000114440918,3.0199999809265137,3.0999999046325684,241100
469,3.0799999237060547,3.0799999237060547,2017-07-19,3.0899999141693115,2.940000057220459,2.990000009536743,336200
470,3.009999990463257,3.009999990463257,2017-07-18,3.0999999046325684,2.890000104904175,3.0899999141693115,656400
471,3.069999933242798,3.069999933242798,2017-07-17,3.0999999046325684,2.759999990463257,2.799999952316284,680800
472,2.799999952316284,2.799999952316284,2017-07-14,2.8399999141693115,2.7100000381469727,2.759999990463257,702600
473,2.7799999713897705,2.7799999713897705,2017-07-13,2.930000066757202,2.75,2.9000000953674316,421100
474,2.9000000953674316,2.9000000953674316,2017-07-12,3.0,2.700000047683716,2.9100000858306885,513500
475,2.9100000858306885,2.9100000858306885,2017-07-11,2.940000057220459,2.4800000190734863,2.75,870800
476,2.759999990463257,2.759999990463257,2017-07-10,2.950000047683716,2.5199999809265137,2.9200000762939453,862100
477,2.880000114440918,2.880000114440918,2017-07-07,3.259999990463257,2.700000047683716,2.819999933242798,2552900
478,2.8299999237060547,2.8299999237060547,2017-07-06,2.9200000762939453,2.4800000190734863,2.5899999141693115,807400
479,2.5199999809265137,2.5199999809265137,2017-07-05,2.559999942779541,2.3399999141693115,2.380000114440918,555300
480,2.390000104904175,2.390000104904175,2017-07-03,2.430000066757202,2.3399999141693115,2.4000000953674316,171200
481,2.390000104904175,2.390000104904175,2017-06-30,2.450000047683716,2.3299999237060547,2.4100000858306885,203800
482,2.4000000953674316,2.4000000953674316,2017-06-29,2.5,2.309999942779541,2.450000047683716,507300
483,2.440000057220459,2.440000057220459,2017-06-28,2.4700000286102295,2.309999942779541,2.3399999141693115,463300
484,2.3399999141693115,2.3399999141693115,2017-06-27,2.3399999141693115,2.2300000190734863,2.309999942779541,360500
485,2.3399999141693115,2.3399999141693115,2017-06-26,2.3499999046325684,2.0999999046325684,2.2699999809265137,843200
486,2.299999952316284,2.299999952316284,2017-06-23,2.299999952316284,2.140000104904175,2.1700000762939453,636400
487,2.1600000858306885,2.1600000858306885,2017-06-22,2.1700000762939453,2.0999999046325684,2.119999885559082,244900
488,2.130000114440918,2.130000114440918,2017-06-21,2.1500000953674316,2.0799999237060547,2.0999999046325684,280500
489,2.0899999141693115,2.0899999141693115,2017-06-20,2.0999999046325684,2.0199999809265137,2.0999999046325684,217400
490,2.059999942779541,2.059999942779541,2017-06-19,2.0899999141693115,1.9600000381469727,2.0,248100
491,2.009999990463257,2.009999990463257,2017-06-16,2.049999952316284,1.9900000095367432,2.049999952316284,127700
492,2.049999952316284,2.049999952316284,2017-06-15,2.109999895095825,2.0,2.109999895095825,328400
493,2.0999999046325684,2.0999999046325684,2017-06-14,2.140000104904175,1.9700000286102295,1.9700000286102295,668600
494,1.9900000095367432,1.9900000095367432,2017-06-13,2.0899999141693115,1.8600000143051147,1.8899999856948853,657000
495,1.850000023841858,1.850000023841858,2017-06-12,1.9199999570846558,1.7999999523162842,1.8700000047683716,474500
496,1.8200000524520874,1.8200000524520874,2017-06-09,1.8600000143051147,1.7699999809265137,1.850000023841858,295100
497,1.840000033378601,1.840000033378601,2017-06-08,1.9900000095367432,1.7699999809265137,1.9900000095367432,674700
498,1.9800000190734863,1.9800000190734863,2017-06-07,2.0,1.9500000476837158,1.9700000286102295,364400
499,1.9600000381469727,1.9600000381469727,2017-06-06,2.0399999618530273,1.9500000476837158,2.0299999713897705,297800
500,2.0399999618530273,2.0399999618530273,2017-06-05,2.119999885559082,1.9700000286102295,2.0999999046325684,468900
501,2.0399999618530273,2.0399999618530273,2017-06-02,2.130000114440918,1.9199999570846558,2.0799999237060547,614000
502,2.069999933242798,2.069999933242798,2017-06-01,2.240000009536743,2.049999952316284,2.240000009536743,719500
503,2.25,2.25,2017-05-31,2.3499999046325684,2.130000114440918,2.309999942779541,1845100
504,2.130000114440918,2.130000114440918,2017-05-30,2.25,2.0799999237060547,2.200000047683716,879800
505,2.119999885559082,2.119999885559082,2017-05-26,2.180000066757202,1.9500000476837158,1.9500000476837158,1208300
506,1.9700000286102295,1.9700000286102295,2017-05-25,1.9900000095367432,1.7699999809265137,1.7899999618530273,1364800
507,1.6699999570846558,1.6699999570846558,2017-05-24,1.7200000286102295,1.6299999952316284,1.659999966621399,115800
508,1.649999976158142,1.649999976158142,2017-05-23,1.6699999570846558,1.6299999952316284,1.649999976158142,52200
509,1.6399999856948853,1.6399999856948853,2017-05-22,1.6799999475479126,1.6200000047683716,1.6200000047683716,127600
510,1.6200000047683716,1.6200000047683716,2017-05-19,1.649999976158142,1.5800000429153442,1.6399999856948853,136100
511,1.6399999856948853,1.6399999856948853,2017-05-18,1.6699999570846558,1.6299999952316284,1.649999976158142,153300
512,1.6399999856948853,1.6399999856948853,2017-05-17,1.6799999475479126,1.6399999856948853,1.6699999570846558,77300
513,1.659999966621399,1.659999966621399,2017-05-16,1.7000000476837158,1.649999976158142,1.659999966621399,116200
514,1.649999976158142,1.649999976158142,2017-05-15,1.690000057220459,1.6299999952316284,1.6699999570846558,122700
515,1.6399999856948853,1.6399999856948853,2017-05-12,1.6799999475479126,1.6299999952316284,1.649999976158142,147300
516,1.6699999570846558,1.6699999570846558,2017-05-11,1.690000057220459,1.6399999856948853,1.690000057220459,187100
517,1.6699999570846558,1.6699999570846558,2017-05-10,1.6699999570846558,1.6200000047683716,1.659999966621399,79800
518,1.6299999952316284,1.6299999952316284,2017-05-09,1.659999966621399,1.5800000429153442,1.6399999856948853,284900
519,1.5800000429153442,1.5800000429153442,2017-05-08,1.600000023841858,1.559999942779541,1.590000033378601,157100
520,1.600000023841858,1.600000023841858,2017-05-05,1.6100000143051147,1.5499999523162842,1.5499999523162842,74400
521,1.5499999523162842,1.5499999523162842,2017-05-04,1.6299999952316284,1.5499999523162842,1.6100000143051147,146500
522,1.600000023841858,1.600000023841858,2017-05-03,1.600000023841858,1.5700000524520874,1.600000023841858,65500
523,1.6100000143051147,1.6100000143051147,2017-05-02,1.6399999856948853,1.5800000429153442,1.6100000143051147,83200
524,1.6100000143051147,1.6100000143051147,2017-05-01,1.6200000047683716,1.5700000524520874,1.600000023841858,36500
525,1.590000033378601,1.590000033378601,2017-04-28,1.600000023841858,1.5700000524520874,1.600000023841858,32500
526,1.590000033378601,1.590000033378601,2017-04-27,1.600000023841858,1.5199999809265137,1.5399999618530273,58000
527,1.5499999523162842,1.5499999523162842,2017-04-26,1.6100000143051147,1.5199999809265137,1.559999942779541,91900
528,1.559999942779541,1.559999942779541,2017-04-25,1.6200000047683716,1.5499999523162842,1.5700000524520874,90100
529,1.559999942779541,1.559999942779541,2017-04-24,1.6200000047683716,1.5499999523162842,1.5499999523162842,37200
530,1.5700000524520874,1.5700000524520874,2017-04-21,1.6399999856948853,1.5700000524520874,1.6100000143051147,51100
531,1.600000023841858,1.600000023841858,2017-04-20,1.6200000047683716,1.5299999713897705,1.5299999713897705,117600
532,1.5299999713897705,1.5299999713897705,2017-04-19,1.5700000524520874,1.5099999904632568,1.5099999904632568,89600
533,1.5199999809265137,1.5199999809265137,2017-04-18,1.5800000429153442,1.5,1.5,93600
534,1.5,1.5,2017-04-17,1.600000023841858,1.5,1.5499999523162842,250800
535,1.559999942779541,1.559999942779541,2017-04-13,1.600000023841858,1.5399999618530273,1.559999942779541,98200
536,1.559999942779541,1.559999942779541,2017-04-12,1.6100000143051147,1.5299999713897705,1.600000023841858,44400
537,1.5299999713897705,1.5299999713897705,2017-04-11,1.6100000143051147,1.5099999904632568,1.6100000143051147,156100
538,1.600000023841858,1.600000023841858,2017-04-10,1.6299999952316284,1.5700000524520874,1.600000023841858,80700
539,1.590000033378601,1.590000033378601,2017-04-07,1.600000023841858,1.5,1.5399999618530273,164200
540,1.5299999713897705,1.5299999713897705,2017-04-06,1.600000023841858,1.4800000190734863,1.590000033378601,282400
541,1.5800000429153442,1.5800000429153442,2017-04-05,1.649999976158142,1.5800000429153442,1.6100000143051147,106700
542,1.600000023841858,1.600000023841858,2017-04-04,1.6299999952316284,1.5800000429153442,1.5800000429153442,118300
543,1.590000033378601,1.590000033378601,2017-04-03,1.6200000047683716,1.590000033378601,1.6200000047683716,156200
544,1.6200000047683716,1.6200000047683716,2017-03-31,1.6299999952316284,1.590000033378601,1.6299999952316284,97800
545,1.6200000047683716,1.6200000047683716,2017-03-30,1.6399999856948853,1.590000033378601,1.590000033378601,171400
546,1.600000023841858,1.600000023841858,2017-03-29,1.6200000047683716,1.5700000524520874,1.5700000524520874,190100
547,1.5800000429153442,1.5800000429153442,2017-03-28,1.600000023841858,1.5800000429153442,1.590000033378601,46300
548,1.5800000429153442,1.5800000429153442,2017-03-27,1.6200000047683716,1.5199999809265137,1.5399999618530273,195600
549,1.5399999618530273,1.5399999618530273,2017-03-24,1.6100000143051147,1.5299999713897705,1.5499999523162842,166400
550,1.5700000524520874,1.5700000524520874,2017-03-23,1.600000023841858,1.5099999904632568,1.5399999618530273,105400
551,1.5399999618530273,1.5399999618530273,2017-03-22,1.6299999952316284,1.5099999904632568,1.5700000524520874,209000
552,1.5800000429153442,1.5800000429153442,2017-03-21,1.6399999856948853,1.5399999618530273,1.6200000047683716,229800
553,1.6100000143051147,1.6100000143051147,2017-03-20,1.649999976158142,1.600000023841858,1.6200000047683716,97800
554,1.6299999952316284,1.6299999952316284,2017-03-17,1.649999976158142,1.6100000143051147,1.649999976158142,85300
555,1.649999976158142,1.649999976158142,2017-03-16,1.7000000476837158,1.6299999952316284,1.6799999475479126,41400
556,1.649999976158142,1.649999976158142,2017-03-15,1.7100000381469727,1.600000023841858,1.6299999952316284,148900
557,1.6299999952316284,1.6299999952316284,2017-03-14,1.7000000476837158,1.6100000143051147,1.659999966621399,119500
558,1.6699999570846558,1.6699999570846558,2017-03-13,1.7200000286102295,1.6100000143051147,1.7200000286102295,339300
559,1.7100000381469727,1.7100000381469727,2017-03-10,1.7699999809265137,1.7000000476837158,1.7599999904632568,138000
560,1.7400000095367432,1.7400000095367432,2017-03-09,1.8799999952316284,1.7100000381469727,1.7699999809265137,553100
561,1.7599999904632568,1.7599999904632568,2017-03-08,1.7699999809265137,1.7100000381469727,1.7100000381469727,172300
562,1.7100000381469727,1.7100000381469727,2017-03-07,1.7799999713897705,1.6799999475479126,1.7799999713897705,219000
563,1.7599999904632568,1.7599999904632568,2017-03-06,1.7599999904632568,1.690000057220459,1.7000000476837158,300100
564,1.7000000476837158,1.7000000476837158,2017-03-03,1.7200000286102295,1.6799999475479126,1.6799999475479126,156700
565,1.7000000476837158,1.7000000476837158,2017-03-02,1.7100000381469727,1.6799999475479126,1.6799999475479126,91900
566,1.6799999475479126,1.6799999475479126,2017-03-01,1.7000000476837158,1.6799999475479126,1.690000057220459,191100
567,1.690000057220459,1.690000057220459,2017-02-28,1.7200000286102295,1.659999966621399,1.7200000286102295,143900
568,1.7100000381469727,1.7100000381469727,2017-02-27,1.7200000286102295,1.6799999475479126,1.7200000286102295,312200
569,1.7100000381469727,1.7100000381469727,2017-02-24,1.7200000286102295,1.649999976158142,1.690000057220459,227200
570,1.690000057220459,1.690000057220459,2017-02-23,1.7000000476837158,1.649999976158142,1.7000000476837158,162300
571,1.7000000476837158,1.7000000476837158,2017-02-22,1.7300000190734863,1.7000000476837158,1.7100000381469727,100500
572,1.7300000190734863,1.7300000190734863,2017-02-21,1.7599999904632568,1.7100000381469727,1.7599999904632568,180200
573,1.7400000095367432,1.7400000095367432,2017-02-17,1.7400000095367432,1.690000057220459,1.7200000286102295,157300
574,1.7200000286102295,1.7200000286102295,2017-02-16,1.7400000095367432,1.690000057220459,1.7400000095367432,196500
575,1.7400000095367432,1.7400000095367432,2017-02-15,1.75,1.690000057220459,1.7200000286102295,254800
576,1.7300000190734863,1.7300000190734863,2017-02-14,1.7799999713897705,1.6699999570846558,1.7599999904632568,253800
577,1.7699999809265137,1.7699999809265137,2017-02-13,1.8300000429153442,1.7300000190734863,1.7599999904632568,528700
578,1.7799999713897705,1.7799999713897705,2017-02-10,1.7999999523162842,1.7200000286102295,1.7300000190734863,603300
579,1.7100000381469727,1.7100000381469727,2017-02-09,1.7400000095367432,1.6100000143051147,1.6200000047683716,574500
580,1.6100000143051147,1.6100000143051147,2017-02-08,1.7300000190734863,1.590000033378601,1.590000033378601,1232200
581,1.5499999523162842,1.5499999523162842,2017-02-07,1.559999942779541,1.5299999713897705,1.5499999523162842,196200
582,1.5499999523162842,1.5499999523162842,2017-02-06,1.5499999523162842,1.5,1.5099999904632568,143300
583,1.5199999809265137,1.5199999809265137,2017-02-03,1.5700000524520874,1.4900000095367432,1.5099999904632568,644800
584,1.5099999904632568,1.5099999904632568,2017-02-02,1.5299999713897705,1.4500000476837158,1.5199999809265137,150500
585,1.5199999809265137,1.5199999809265137,2017-02-01,1.5199999809265137,1.4900000095367432,1.5,123300
586,1.5,1.5,2017-01-31,1.5199999809265137,1.4800000190734863,1.4900000095367432,152400
587,1.4900000095367432,1.4900000095367432,2017-01-30,1.559999942779541,1.4800000190734863,1.559999942779541,56700
588,1.5499999523162842,1.5499999523162842,2017-01-27,1.559999942779541,1.5299999713897705,1.5399999618530273,182600
589,1.5399999618530273,1.5399999618530273,2017-01-26,1.5499999523162842,1.5099999904632568,1.5299999713897705,185100
590,1.5299999713897705,1.5299999713897705,2017-01-25,1.5399999618530273,1.5,1.5199999809265137,137500
591,1.5199999809265137,1.5199999809265137,2017-01-24,1.5299999713897705,1.4700000286102295,1.5099999904632568,173200
592,1.5099999904632568,1.5099999904632568,2017-01-23,1.5399999618530273,1.4500000476837158,1.5399999618530273,318300
593,1.5399999618530273,1.5399999618530273,2017-01-20,1.559999942779541,1.5299999713897705,1.559999942779541,141300
594,1.5499999523162842,1.5499999523162842,2017-01-19,1.5499999523162842,1.5299999713897705,1.5399999618530273,106200
595,1.5299999713897705,1.5299999713897705,2017-01-18,1.559999942779541,1.5299999713897705,1.559999942779541,192300
596,1.5399999618530273,1.5399999618530273,2017-01-17,1.559999942779541,1.4900000095367432,1.5199999809265137,271100
597,1.5099999904632568,1.5099999904632568,2017-01-13,1.5099999904632568,1.4500000476837158,1.4600000381469727,190300
598,1.4700000286102295,1.4700000286102295,2017-01-12,1.5,1.4500000476837158,1.5,66100
599,1.4700000286102295,1.4700000286102295,2017-01-11,1.5199999809265137,1.4500000476837158,1.5099999904632568,123200
600,1.5,1.5,2017-01-10,1.5299999713897705,1.4900000095367432,1.5,110700
601,1.5,1.5,2017-01-09,1.5299999713897705,1.4600000381469727,1.5,142400
602,1.5,1.5,2017-01-06,1.5299999713897705,1.4700000286102295,1.4700000286102295,159800
603,1.4600000381469727,1.4600000381469727,2017-01-05,1.5499999523162842,1.440000057220459,1.4600000381469727,312500
604,1.4500000476837158,1.4500000476837158,2017-01-04,1.4800000190734863,1.399999976158142,1.399999976158142,237400
605,1.399999976158142,1.399999976158142,2017-01-03,1.4700000286102295,1.399999976158142,1.440000057220459,120800
606,1.440000057220459,1.440000057220459,2016-12-30,1.4500000476837158,1.3600000143051147,1.3600000143051147,371300
607,1.3600000143051147,1.3600000143051147,2016-12-29,1.3799999952316284,1.340000033378601,1.3799999952316284,443200
608,1.350000023841858,1.350000023841858,2016-12-28,1.440000057220459,1.350000023841858,1.399999976158142,670900
609,1.3899999856948853,1.3899999856948853,2016-12-27,1.4500000476837158,1.3799999952316284,1.3799999952316284,254700
610,1.409999966621399,1.409999966621399,2016-12-23,1.4500000476837158,1.3899999856948853,1.399999976158142,140500
611,1.4199999570846558,1.4199999570846558,2016-12-22,1.440000057220459,1.3899999856948853,1.4299999475479126,257600
612,1.4299999475479126,1.4299999475479126,2016-12-21,1.4500000476837158,1.4199999570846558,1.4500000476837158,224200
613,1.4299999475479126,1.4299999475479126,2016-12-20,1.5,1.4199999570846558,1.4500000476837158,490000
614,1.440000057220459,1.440000057220459,2016-12-19,1.4900000095367432,1.4299999475479126,1.4500000476837158,257900
615,1.440000057220459,1.440000057220459,2016-12-16,1.4800000190734863,1.399999976158142,1.440000057220459,238700
616,1.4299999475479126,1.4299999475479126,2016-12-15,1.4700000286102295,1.4199999570846558,1.4299999475479126,236800
617,1.440000057220459,1.440000057220459,2016-12-14,1.4800000190734863,1.4199999570846558,1.4800000190734863,181700
618,1.4700000286102295,1.4700000286102295,2016-12-13,1.5299999713897705,1.4600000381469727,1.5199999809265137,197700
619,1.5199999809265137,1.5199999809265137,2016-12-12,1.590000033378601,1.5,1.590000033378601,157200
620,1.5800000429153442,1.5800000429153442,2016-12-09,1.600000023841858,1.559999942779541,1.559999942779541,221400
621,1.559999942779541,1.559999942779541,2016-12-08,1.5800000429153442,1.5099999904632568,1.5299999713897705,206200
622,1.5399999618530273,1.5399999618530273,2016-12-07,1.5700000524520874,1.5299999713897705,1.559999942779541,210400
623,1.5700000524520874,1.5700000524520874,2016-12-06,1.600000023841858,1.5299999713897705,1.590000033378601,251000
624,1.600000023841858,1.600000023841858,2016-12-05,1.6299999952316284,1.559999942779541,1.6100000143051147,469400
625,1.5800000429153442,1.5800000429153442,2016-12-02,1.649999976158142,1.5700000524520874,1.600000023841858,685200
626,1.5800000429153442,1.5800000429153442,2016-12-01,1.6200000047683716,1.5499999523162842,1.6100000143051147,404000
627,1.5399999618530273,1.5399999618530273,2016-11-30,1.6699999570846558,1.409999966621399,1.649999976158142,687300
628,1.659999966621399,1.659999966621399,2016-11-29,1.7300000190734863,1.6399999856948853,1.7300000190734863,513400
629,1.7100000381469727,1.7100000381469727,2016-11-28,1.7699999809265137,1.590000033378601,1.6399999856948853,1493000
630,1.6399999856948853,1.6399999856948853,2016-11-25,1.649999976158142,1.5700000524520874,1.590000033378601,105700
631,1.590000033378601,1.590000033378601,2016-11-23,1.590000033378601,1.559999942779541,1.5800000429153442,171500
632,1.6100000143051147,1.6100000143051147,2016-11-22,1.6299999952316284,1.590000033378601,1.590000033378601,110800
633,1.6100000143051147,1.6100000143051147,2016-11-21,1.6200000047683716,1.559999942779541,1.559999942779541,115800
634,1.5800000429153442,1.5800000429153442,2016-11-18,1.600000023841858,1.5700000524520874,1.5700000524520874,58200
635,1.590000033378601,1.590000033378601,2016-11-17,1.6299999952316284,1.5800000429153442,1.5800000429153442,109300
636,1.590000033378601,1.590000033378601,2016-11-16,1.649999976158142,1.559999942779541,1.649999976158142,113800
637,1.649999976158142,1.649999976158142,2016-11-15,1.659999966621399,1.600000023841858,1.6100000143051147,58300
638,1.6200000047683716,1.6200000047683716,2016-11-14,1.6799999475479126,1.600000023841858,1.6699999570846558,188700
639,1.659999966621399,1.659999966621399,2016-11-11,1.6699999570846558,1.5800000429153442,1.5800000429153442,166600
640,1.600000023841858,1.600000023841858,2016-11-10,1.600000023841858,1.5199999809265137,1.5499999523162842,234600
641,1.5099999904632568,1.5099999904632568,2016-11-09,1.5399999618530273,1.4700000286102295,1.4700000286102295,165000
642,1.5,1.5,2016-11-08,1.5,1.4299999475479126,1.4500000476837158,125300
643,1.4500000476837158,1.4500000476837158,2016-11-07,1.4800000190734863,1.440000057220459,1.4500000476837158,102700
644,1.4500000476837158,1.4500000476837158,2016-11-04,1.4800000190734863,1.4299999475479126,1.4500000476837158,106500
645,1.4500000476837158,1.4500000476837158,2016-11-03,1.5399999618530273,1.440000057220459,1.5,266500
646,1.5,1.5,2016-11-02,1.5099999904632568,1.4600000381469727,1.5,159900
647,1.5,1.5,2016-11-01,1.5499999523162842,1.4500000476837158,1.5099999904632568,212400
648,1.5199999809265137,1.5199999809265137,2016-10-31,1.5399999618530273,1.4700000286102295,1.5,153300
649,1.4900000095367432,1.4900000095367432,2016-10-28,1.5199999809265137,1.4800000190734863,1.5,282700
650,1.5199999809265137,1.5199999809265137,2016-10-27,1.600000023841858,1.5099999904632568,1.590000033378601,162200
651,1.590000033378601,1.590000033378601,2016-10-26,1.6299999952316284,1.5800000429153442,1.6200000047683716,109100
652,1.6399999856948853,1.6399999856948853,2016-10-25,1.659999966621399,1.5800000429153442,1.6100000143051147,159200
653,1.6100000143051147,1.6100000143051147,2016-10-24,1.649999976158142,1.6100000143051147,1.6200000047683716,82900
654,1.6200000047683716,1.6200000047683716,2016-10-21,1.659999966621399,1.600000023841858,1.659999966621399,98300
655,1.649999976158142,1.649999976158142,2016-10-20,1.659999966621399,1.6299999952316284,1.6299999952316284,34200
656,1.6200000047683716,1.6200000047683716,2016-10-19,1.6399999856948853,1.600000023841858,1.6200000047683716,48100
657,1.6299999952316284,1.6299999952316284,2016-10-18,1.6399999856948853,1.6100000143051147,1.6100000143051147,39600
658,1.6100000143051147,1.6100000143051147,2016-10-17,1.7000000476837158,1.559999942779541,1.7000000476837158,406600
659,1.7100000381469727,1.7100000381469727,2016-10-14,1.7599999904632568,1.7000000476837158,1.7599999904632568,210200
660,1.75,1.75,2016-10-13,1.7599999904632568,1.7100000381469727,1.7300000190734863,201300
661,1.7100000381469727,1.7100000381469727,2016-10-12,1.75,1.7000000476837158,1.7000000476837158,246600
662,1.7000000476837158,1.7000000476837158,2016-10-11,1.7699999809265137,1.6799999475479126,1.7200000286102295,171300
663,1.75,1.75,2016-10-10,1.7599999904632568,1.7400000095367432,1.75,88600
664,1.7599999904632568,1.7599999904632568,2016-10-07,1.7699999809265137,1.7200000286102295,1.7599999904632568,175300
665,1.7599999904632568,1.7599999904632568,2016-10-06,1.7899999618530273,1.7400000095367432,1.7899999618530273,123400
666,1.7699999809265137,1.7699999809265137,2016-10-05,1.840000033378601,1.75,1.7599999904632568,251000
667,1.7699999809265137,1.7699999809265137,2016-10-04,1.8700000047683716,1.7699999809265137,1.8600000143051147,217200
668,1.8600000143051147,1.8600000143051147,2016-10-03,1.8899999856948853,1.7899999618530273,1.7999999523162842,1144800
669,1.7599999904632568,1.7599999904632568,2016-09-30,1.7799999713897705,1.7200000286102295,1.7300000190734863,199500
670,1.7200000286102295,1.7200000286102295,2016-09-29,1.7599999904632568,1.7200000286102295,1.75,194000
671,1.7400000095367432,1.7400000095367432,2016-09-28,1.7699999809265137,1.7200000286102295,1.7400000095367432,162600
672,1.7300000190734863,1.7300000190734863,2016-09-27,1.7400000095367432,1.7000000476837158,1.7000000476837158,187900
673,1.7100000381469727,1.7100000381469727,2016-09-26,1.7599999904632568,1.7000000476837158,1.7000000476837158,137900
674,1.690000057220459,1.690000057220459,2016-09-23,1.75,1.690000057220459,1.7300000190734863,187200
675,1.7300000190734863,1.7300000190734863,2016-09-22,1.7699999809265137,1.6799999475479126,1.75,376100
676,1.75,1.75,2016-09-21,1.7699999809265137,1.7100000381469727,1.7599999904632568,246400
677,1.7599999904632568,1.7599999904632568,2016-09-20,1.7599999904632568,1.7100000381469727,1.7200000286102295,297300
678,1.7100000381469727,1.7100000381469727,2016-09-19,1.75,1.7000000476837158,1.7200000286102295,143800
679,1.7100000381469727,1.7100000381469727,2016-09-16,1.7699999809265137,1.7000000476837158,1.75,372100
680,1.7599999904632568,1.7599999904632568,2016-09-15,1.7999999523162842,1.7200000286102295,1.7699999809265137,193800
681,1.7699999809265137,1.7699999809265137,2016-09-14,1.7999999523162842,1.7300000190734863,1.7300000190734863,207400
682,1.7400000095367432,1.7400000095367432,2016-09-13,1.7799999713897705,1.7000000476837158,1.7799999713897705,239900
683,1.7699999809265137,1.7699999809265137,2016-09-12,1.8200000524520874,1.7300000190734863,1.809999942779541,248800
684,1.7999999523162842,1.7999999523162842,2016-09-09,1.8700000047683716,1.7799999713897705,1.850000023841858,280000
685,1.8700000047683716,1.8700000047683716,2016-09-08,1.8899999856948853,1.8300000429153442,1.850000023841858,161300
686,1.8700000047683716,1.8700000047683716,2016-09-07,1.9199999570846558,1.840000033378601,1.9199999570846558,209200
687,1.8799999952316284,1.8799999952316284,2016-09-06,1.9199999570846558,1.7300000190734863,1.7400000095367432,601900
688,1.7599999904632568,1.7599999904632568,2016-09-02,1.7799999713897705,1.690000057220459,1.7400000095367432,124200
689,1.7400000095367432,1.7400000095367432,2016-09-01,1.8300000429153442,1.7100000381469727,1.7799999713897705,471100
690,1.7899999618530273,1.7899999618530273,2016-08-31,1.9299999475479126,1.7799999713897705,1.909999966621399,491200
691,1.899999976158142,1.899999976158142,2016-08-30,1.9500000476837158,1.899999976158142,1.899999976158142,173600
692,1.899999976158142,1.899999976158142,2016-08-29,1.9500000476837158,1.899999976158142,1.909999966621399,168500
693,1.909999966621399,1.909999966621399,2016-08-26,2.009999990463257,1.899999976158142,1.9800000190734863,483800
694,1.9800000190734863,1.9800000190734863,2016-08-25,2.0,1.9500000476837158,1.9500000476837158,226700
695,1.9700000286102295,1.9700000286102295,2016-08-24,2.069999933242798,1.9600000381469727,2.049999952316284,474300
696,2.049999952316284,2.049999952316284,2016-08-23,2.130000114440918,2.009999990463257,2.0299999713897705,1561100
697,2.0399999618530273,2.0399999618530273,2016-08-22,2.049999952316284,1.9299999475479126,1.9800000190734863,567100
698,1.9600000381469727,1.9600000381469727,2016-08-19,1.9800000190734863,1.9199999570846558,1.9199999570846558,216500
699,1.940000057220459,1.940000057220459,2016-08-18,2.059999942779541,1.9199999570846558,2.009999990463257,900400
700,2.0299999713897705,2.0299999713897705,2016-08-17,2.059999942779541,1.899999976158142,1.9800000190734863,896000
701,1.9900000095367432,1.9900000095367432,2016-08-16,2.059999942779541,1.9700000286102295,2.0399999618530273,691800
702,2.0399999618530273,2.0399999618530273,2016-08-15,2.0799999237060547,2.0,2.009999990463257,686900
703,2.0299999713897705,2.0299999713897705,2016-08-12,2.069999933242798,1.9500000476837158,1.9600000381469727,746400
704,1.9800000190734863,1.9800000190734863,2016-08-11,2.0,1.909999966621399,1.9700000286102295,564600
705,1.9700000286102295,1.9700000286102295,2016-08-10,1.9800000190734863,1.8799999952316284,1.9500000476837158,1049500
706,1.9600000381469727,1.9600000381469727,2016-08-09,2.0999999046325684,1.899999976158142,2.069999933242798,2057200
707,2.059999942779541,2.059999942779541,2016-08-08,2.2799999713897705,1.9500000476837158,2.2799999713897705,8898900
708,1.6100000143051147,1.6100000143051147,2016-08-05,1.6200000047683716,1.4500000476837158,1.4700000286102295,1122300
709,1.4800000190734863,1.4800000190734863,2016-08-04,1.4900000095367432,1.4299999475479126,1.4800000190734863,270000
710,1.4500000476837158,1.4500000476837158,2016-08-03,1.4700000286102295,1.4199999570846558,1.4700000286102295,293200
711,1.4600000381469727,1.4600000381469727,2016-08-02,1.4800000190734863,1.3799999952316284,1.4800000190734863,511600
712,1.4700000286102295,1.4700000286102295,2016-08-01,1.5800000429153442,1.3899999856948853,1.5800000429153442,2878400
713,1.3600000143051147,1.3600000143051147,2016-07-29,1.3899999856948853,1.3200000524520874,1.3799999952316284,67700
714,1.3600000143051147,1.3600000143051147,2016-07-28,1.399999976158142,1.3600000143051147,1.3899999856948853,95200
715,1.3799999952316284,1.3799999952316284,2016-07-27,1.399999976158142,1.3799999952316284,1.399999976158142,68900
716,1.3899999856948853,1.3899999856948853,2016-07-26,1.3899999856948853,1.3600000143051147,1.3899999856948853,90600
717,1.399999976158142,1.399999976158142,2016-07-25,1.409999966621399,1.350000023841858,1.3899999856948853,159600
718,1.3700000047683716,1.3700000047683716,2016-07-22,1.3899999856948853,1.3600000143051147,1.3899999856948853,27900
719,1.3899999856948853,1.3899999856948853,2016-07-21,1.3899999856948853,1.3600000143051147,1.3600000143051147,42000
720,1.3799999952316284,1.3799999952316284,2016-07-20,1.409999966621399,1.350000023841858,1.409999966621399,135300
721,1.3799999952316284,1.3799999952316284,2016-07-19,1.4299999475479126,1.3700000047683716,1.4299999475479126,39100
722,1.3899999856948853,1.3899999856948853,2016-07-18,1.4199999570846558,1.3700000047683716,1.3899999856948853,137800
723,1.399999976158142,1.399999976158142,2016-07-15,1.409999966621399,1.3799999952316284,1.3799999952316284,41300
724,1.3799999952316284,1.3799999952316284,2016-07-14,1.4500000476837158,1.3700000047683716,1.3899999856948853,342400
725,1.3899999856948853,1.3899999856948853,2016-07-13,1.440000057220459,1.3700000047683716,1.399999976158142,124100
726,1.399999976158142,1.399999976158142,2016-07-12,1.4500000476837158,1.3700000047683716,1.3700000047683716,191000
727,1.3899999856948853,1.3899999856948853,2016-07-11,1.4500000476837158,1.3700000047683716,1.399999976158142,151300
728,1.4199999570846558,1.4199999570846558,2016-07-08,1.440000057220459,1.3700000047683716,1.399999976158142,141900
729,1.409999966621399,1.409999966621399,2016-07-07,1.4299999475479126,1.3700000047683716,1.3700000047683716,88100
730,1.3600000143051147,1.3600000143051147,2016-07-06,1.4299999475479126,1.3600000143051147,1.3799999952316284,268500
731,1.3700000047683716,1.3700000047683716,2016-07-05,1.4199999570846558,1.3600000143051147,1.3600000143051147,50400
732,1.3899999856948853,1.3899999856948853,2016-07-01,1.4199999570846558,1.350000023841858,1.3600000143051147,116900
733,1.3600000143051147,1.3600000143051147,2016-06-30,1.399999976158142,1.350000023841858,1.3700000047683716,93300
734,1.350000023841858,1.350000023841858,2016-06-29,1.409999966621399,1.2899999618530273,1.3700000047683716,153100
735,1.3700000047683716,1.3700000047683716,2016-06-28,1.3799999952316284,1.3200000524520874,1.3300000429153442,71000
736,1.2699999809265137,1.2699999809265137,2016-06-27,1.440000057220459,1.25,1.3700000047683716,135900
737,1.3600000143051147,1.3600000143051147,2016-06-24,1.399999976158142,1.2899999618530273,1.399999976158142,108500
738,1.340000033378601,1.340000033378601,2016-06-23,1.3700000047683716,1.340000033378601,1.350000023841858,75400
739,1.2899999618530273,1.2899999618530273,2016-06-22,1.3200000524520874,1.2699999809265137,1.2999999523162842,79800
740,1.309999942779541,1.309999942779541,2016-06-21,1.340000033378601,1.2699999809265137,1.340000033378601,56500
741,1.3200000524520874,1.3200000524520874,2016-06-20,1.350000023841858,1.2699999809265137,1.2699999809265137,69000
742,1.2699999809265137,1.2699999809265137,2016-06-17,1.350000023841858,1.25,1.350000023841858,91900
743,1.3300000429153442,1.3300000429153442,2016-06-16,1.3300000429153442,1.2300000190734863,1.2699999809265137,127400
744,1.2799999713897705,1.2799999713897705,2016-06-15,1.309999942779541,1.25,1.309999942779541,491400
745,1.3300000429153442,1.3300000429153442,2016-06-14,1.3600000143051147,1.2999999523162842,1.350000023841858,147400
746,1.350000023841858,1.350000023841858,2016-06-13,1.3899999856948853,1.350000023841858,1.3700000047683716,118200
747,1.3899999856948853,1.3899999856948853,2016-06-10,1.409999966621399,1.3600000143051147,1.409999966621399,97200
748,1.409999966621399,1.409999966621399,2016-06-09,1.4500000476837158,1.3899999856948853,1.4199999570846558,134400
749,1.440000057220459,1.440000057220459,2016-06-08,1.5,1.399999976158142,1.5,203100
750,1.4600000381469727,1.4600000381469727,2016-06-07,1.4900000095367432,1.4299999475479126,1.4500000476837158,169900
751,1.4600000381469727,1.4600000381469727,2016-06-06,1.5199999809265137,1.4299999475479126,1.4299999475479126,129400
752,1.4500000476837158,1.4500000476837158,2016-06-03,1.4700000286102295,1.4199999570846558,1.4199999570846558,249700
753,1.4199999570846558,1.4199999570846558,2016-06-02,1.590000033378601,1.3899999856948853,1.4199999570846558,1255900
754,1.4299999475479126,1.4299999475479126,2016-06-01,1.4700000286102295,1.409999966621399,1.4500000476837158,183600
755,1.440000057220459,1.440000057220459,2016-05-31,1.5,1.3799999952316284,1.4199999570846558,385000
756,1.4199999570846558,1.4199999570846558,2016-05-27,1.4500000476837158,1.399999976158142,1.4199999570846558,40100
757,1.4299999475479126,1.4299999475479126,2016-05-26,1.4500000476837158,1.3799999952316284,1.4199999570846558,61400
758,1.4199999570846558,1.4199999570846558,2016-05-25,1.4299999475479126,1.3799999952316284,1.3899999856948853,68900
759,1.3899999856948853,1.3899999856948853,2016-05-24,1.440000057220459,1.3600000143051147,1.3899999856948853,84100
760,1.3799999952316284,1.3799999952316284,2016-05-23,1.3899999856948853,1.3200000524520874,1.340000033378601,32000
761,1.350000023841858,1.350000023841858,2016-05-20,1.3899999856948853,1.2999999523162842,1.3300000429153442,85100
762,1.340000033378601,1.340000033378601,2016-05-19,1.3899999856948853,1.340000033378601,1.340000033378601,80400
763,1.350000023841858,1.350000023841858,2016-05-18,1.3899999856948853,1.340000033378601,1.3899999856948853,58100
764,1.3899999856948853,1.3899999856948853,2016-05-17,1.3899999856948853,1.3600000143051147,1.3899999856948853,42300
765,1.3899999856948853,1.3899999856948853,2016-05-16,1.409999966621399,1.3899999856948853,1.409999966621399,38300
766,1.409999966621399,1.409999966621399,2016-05-13,1.409999966621399,1.3600000143051147,1.399999976158142,63900
767,1.399999976158142,1.399999976158142,2016-05-12,1.4500000476837158,1.3799999952316284,1.4299999475479126,158000
768,1.3899999856948853,1.3899999856948853,2016-05-11,1.4299999475479126,1.3899999856948853,1.4299999475479126,70300
769,1.409999966621399,1.409999966621399,2016-05-10,1.440000057220459,1.350000023841858,1.4199999570846558,32100
770,1.399999976158142,1.399999976158142,2016-05-09,1.4500000476837158,1.340000033378601,1.350000023841858,56200
771,1.340000033378601,1.340000033378601,2016-05-06,1.4199999570846558,1.3200000524520874,1.3700000047683716,136500
772,1.3700000047683716,1.3700000047683716,2016-05-05,1.399999976158142,1.3300000429153442,1.3799999952316284,136600
773,1.3799999952316284,1.3799999952316284,2016-05-04,1.4500000476837158,1.340000033378601,1.399999976158142,168000
774,1.4199999570846558,1.4199999570846558,2016-05-03,1.4500000476837158,1.3899999856948853,1.440000057220459,38700
775,1.440000057220459,1.440000057220459,2016-05-02,1.4500000476837158,1.3899999856948853,1.399999976158142,107800
776,1.399999976158142,1.399999976158142,2016-04-29,1.440000057220459,1.3899999856948853,1.409999966621399,88900
777,1.399999976158142,1.399999976158142,2016-04-28,1.4500000476837158,1.3899999856948853,1.4500000476837158,139400
778,1.440000057220459,1.440000057220459,2016-04-27,1.4700000286102295,1.409999966621399,1.4299999475479126,73300
779,1.4299999475479126,1.4299999475479126,2016-04-26,1.5,1.409999966621399,1.5,152000
780,1.4900000095367432,1.4900000095367432,2016-04-25,1.5299999713897705,1.4800000190734863,1.5,97200
781,1.5199999809265137,1.5199999809265137,2016-04-22,1.5499999523162842,1.4500000476837158,1.5099999904632568,243300
782,1.5199999809265137,1.5199999809265137,2016-04-21,1.559999942779541,1.5,1.5299999713897705,185100
783,1.5299999713897705,1.5299999713897705,2016-04-20,1.600000023841858,1.5,1.600000023841858,396700
784,1.5299999713897705,1.5299999713897705,2016-04-19,1.5800000429153442,1.5,1.5,353400
785,1.5099999904632568,1.5099999904632568,2016-04-18,1.590000033378601,1.4900000095367432,1.590000033378601,405900
786,1.600000023841858,1.600000023841858,2016-04-15,1.7999999523162842,1.5800000429153442,1.600000023841858,1127200
787,1.6399999856948853,1.6399999856948853,2016-04-14,1.6699999570846558,1.4700000286102295,1.5099999904632568,719100
788,1.4900000095367432,1.4900000095367432,2016-04-13,1.5199999809265137,1.399999976158142,1.4900000095367432,300100
789,1.5,1.5,2016-04-12,1.5399999618530273,1.399999976158142,1.4800000190734863,520500
790,1.5,1.5,2016-04-11,1.5299999713897705,1.3799999952316284,1.4199999570846558,402400
791,1.3899999856948853,1.3899999856948853,2016-04-08,1.440000057220459,1.350000023841858,1.350000023841858,177400
792,1.3700000047683716,1.3700000047683716,2016-04-07,1.399999976158142,1.2999999523162842,1.3200000524520874,182800
793,1.350000023841858,1.350000023841858,2016-04-06,1.409999966621399,1.2899999618530273,1.309999942779541,330900
794,1.309999942779541,1.309999942779541,2016-04-05,1.3300000429153442,1.2699999809265137,1.2799999713897705,73800
795,1.2799999713897705,1.2799999713897705,2016-04-04,1.3300000429153442,1.25,1.25,57100
796,1.25,1.25,2016-04-01,1.340000033378601,1.25,1.2699999809265137,92900
797,1.2599999904632568,1.2599999904632568,2016-03-31,1.350000023841858,1.25,1.2799999713897705,165000
798,1.2699999809265137,1.2699999809265137,2016-03-30,1.3200000524520874,1.2000000476837158,1.2000000476837158,354600
799,1.190000057220459,1.190000057220459,2016-03-29,1.2300000190734863,1.1799999475479126,1.2000000476837158,51400
800,1.190000057220459,1.190000057220459,2016-03-28,1.2300000190734863,1.1799999475479126,1.2000000476837158,66700
801,1.2000000476837158,1.2000000476837158,2016-03-24,1.2200000286102295,1.1699999570846558,1.1799999475479126,26700
802,1.1699999570846558,1.1699999570846558,2016-03-23,1.2300000190734863,1.1699999570846558,1.2000000476837158,33000
803,1.2000000476837158,1.2000000476837158,2016-03-22,1.25,1.2000000476837158,1.2200000286102295,71800
804,1.2100000381469727,1.2100000381469727,2016-03-21,1.2599999904632568,1.1799999475479126,1.2000000476837158,118600
805,1.190000057220459,1.190000057220459,2016-03-18,1.2300000190734863,1.1799999475479126,1.190000057220459,72800
806,1.1799999475479126,1.1799999475479126,2016-03-17,1.2699999809265137,1.1699999570846558,1.2000000476837158,124600
807,1.2300000190734863,1.2300000190734863,2016-03-16,1.2699999809265137,1.1299999952316284,1.190000057220459,223500
808,1.1799999475479126,1.1799999475479126,2016-03-15,1.2799999713897705,1.1799999475479126,1.2400000095367432,210900
809,1.190000057220459,1.190000057220459,2016-03-14,1.2300000190734863,1.1799999475479126,1.2000000476837158,84600
810,1.2200000286102295,1.2200000286102295,2016-03-11,1.2999999523162842,1.149999976158142,1.2300000190734863,277700
811,1.2200000286102295,1.2200000286102295,2016-03-10,1.2599999904632568,1.2000000476837158,1.2300000190734863,57400
812,1.2300000190734863,1.2300000190734863,2016-03-09,1.2799999713897705,1.2100000381469727,1.2400000095367432,111200
813,1.2400000095367432,1.2400000095367432,2016-03-08,1.2599999904632568,1.2000000476837158,1.2200000286102295,89600
814,1.2100000381469727,1.2100000381469727,2016-03-07,1.2699999809265137,1.1799999475479126,1.2000000476837158,128800
815,1.2000000476837158,1.2000000476837158,2016-03-04,1.2799999713897705,1.1799999475479126,1.2300000190734863,92900
816,1.2200000286102295,1.2200000286102295,2016-03-03,1.2999999523162842,1.1799999475479126,1.2000000476837158,149100
817,1.1799999475479126,1.1799999475479126,2016-03-02,1.2300000190734863,1.159999966621399,1.159999966621399,84900
818,1.159999966621399,1.159999966621399,2016-03-01,1.2100000381469727,1.149999976158142,1.159999966621399,84000
819,1.159999966621399,1.159999966621399,2016-02-29,1.2699999809265137,1.159999966621399,1.2599999904632568,75000
820,1.2200000286102295,1.2200000286102295,2016-02-26,1.2899999618530273,1.1299999952316284,1.159999966621399,158400
821,1.149999976158142,1.149999976158142,2016-02-25,1.1799999475479126,1.100000023841858,1.100000023841858,122200
822,1.100000023841858,1.100000023841858,2016-02-24,1.1399999856948853,1.0800000429153442,1.0800000429153442,89800
823,1.090000033378601,1.090000033378601,2016-02-23,1.1699999570846558,1.0700000524520874,1.1399999856948853,72500
824,1.1299999952316284,1.1299999952316284,2016-02-22,1.1799999475479126,1.1299999952316284,1.1299999952316284,49000
825,1.149999976158142,1.149999976158142,2016-02-19,1.1699999570846558,1.0800000429153442,1.1399999856948853,96200
826,1.090000033378601,1.090000033378601,2016-02-18,1.1299999952316284,1.059999942779541,1.100000023841858,157600
827,1.090000033378601,1.090000033378601,2016-02-17,1.1299999952316284,1.0299999713897705,1.0499999523162842,213200
828,1.059999942779541,1.059999942779541,2016-02-16,1.1200000047683716,1.0199999809265137,1.0299999713897705,148700
829,1.0399999618530273,1.0399999618530273,2016-02-12,1.100000023841858,1.0199999809265137,1.0499999523162842,131300
830,1.059999942779541,1.059999942779541,2016-02-11,1.1200000047683716,0.8700000047683716,1.0,472000
831,1.0099999904632568,1.0099999904632568,2016-02-10,1.1799999475479126,1.0,1.1399999856948853,338900
832,1.1299999952316284,1.1299999952316284,2016-02-09,1.2300000190734863,1.1299999952316284,1.149999976158142,193800
833,1.1699999570846558,1.1699999570846558,2016-02-08,1.2400000095367432,1.149999976158142,1.2300000190734863,241600
834,1.2400000095367432,1.2400000095367432,2016-02-05,1.2899999618530273,1.2200000286102295,1.2200000286102295,161500
835,1.2400000095367432,1.2400000095367432,2016-02-04,1.2899999618530273,1.2400000095367432,1.2400000095367432,289300
836,1.2400000095367432,1.2400000095367432,2016-02-03,1.2999999523162842,1.2000000476837158,1.2999999523162842,175600
837,1.309999942779541,1.309999942779541,2016-02-02,1.350000023841858,1.2999999523162842,1.2999999523162842,31300
838,1.3300000429153442,1.3300000429153442,2016-02-01,1.350000023841858,1.2599999904632568,1.2599999904632568,105100
839,1.2699999809265137,1.2699999809265137,2016-01-29,1.3200000524520874,1.2300000190734863,1.2300000190734863,99300
840,1.2599999904632568,1.2599999904632568,2016-01-28,1.2899999618530273,1.2100000381469727,1.2599999904632568,238400
841,1.2699999809265137,1.2699999809265137,2016-01-27,1.340000033378601,1.2699999809265137,1.309999942779541,72900
842,1.3300000429153442,1.3300000429153442,2016-01-26,1.3700000047683716,1.2699999809265137,1.3200000524520874,114200
843,1.309999942779541,1.309999942779541,2016-01-25,1.3700000047683716,1.2699999809265137,1.2899999618530273,205900
844,1.2999999523162842,1.2999999523162842,2016-01-22,1.3200000524520874,1.2699999809265137,1.2999999523162842,135400
845,1.2999999523162842,1.2999999523162842,2016-01-21,1.340000033378601,1.25,1.3200000524520874,201700
846,1.3200000524520874,1.3200000524520874,2016-01-20,1.3700000047683716,1.149999976158142,1.3200000524520874,691300
847,1.309999942779541,1.309999942779541,2016-01-19,1.3899999856948853,1.2599999904632568,1.340000033378601,344100
848,1.340000033378601,1.340000033378601,2016-01-15,1.3799999952316284,1.2999999523162842,1.3799999952316284,315400
849,1.3899999856948853,1.3899999856948853,2016-01-14,1.4600000381469727,1.350000023841858,1.3700000047683716,330000
850,1.3799999952316284,1.3799999952316284,2016-01-13,1.4700000286102295,1.350000023841858,1.409999966621399,435500
851,1.399999976158142,1.399999976158142,2016-01-12,1.4800000190734863,1.3899999856948853,1.409999966621399,178600
852,1.399999976158142,1.399999976158142,2016-01-11,1.5099999904632568,1.350000023841858,1.5099999904632568,683800
853,1.5199999809265137,1.5199999809265137,2016-01-08,1.600000023841858,1.4900000095367432,1.5800000429153442,313900
854,1.559999942779541,1.559999942779541,2016-01-07,1.6200000047683716,1.5399999618530273,1.559999942779541,419100
855,1.5800000429153442,1.5800000429153442,2016-01-06,1.6399999856948853,1.559999942779541,1.5800000429153442,548000
856,1.6100000143051147,1.6100000143051147,2016-01-05,1.649999976158142,1.5800000429153442,1.6399999856948853,220300
857,1.6699999570846558,1.6699999570846558,2016-01-04,1.6699999570846558,1.5499999523162842,1.6100000143051147,454000
